MCC_ID,MCC_ISO,MCC_Country_Name,MCC_Country_Code,MCC_Country_lag_Image_URL,MNC_ID,MNC_Brand_Name,MNC_Operator_Name,MNC_Operator_Image_URL
0,Unknown,Unknown,,,0,Unknown,Unknown,-
289,GE-AB,Abkhazia,,,67,Aquafon,Aquafon JSC,
289,GE-AB,Abkhazia,,,88,A-Mobile,A-Mobile LLSC,
412,AF,Afghanistan,,,01,AWCC,Afghan Wireless Communication Company,
412,AF,Afghanistan,,,20,Roshan,Telecom Development Company Afghanistan Ltd.,
412,AF,Afghanistan,,,40,MTN,MTN Group Afghanistan,
616,BJ,Benin,,,03,MTN,Spacetel Benin,
280,CY,Cyprus,,,10,MTN,MTN Group,
630,CD,Democratic Republic of the Congo,,,10,MTN,NULL,
636,ET,Ethiopia,,,01,MTN,Ethio Telecom,
620,GH,Ghana,,,01,MTN,MTN Group,
611,GN,Guinea,,,04,MTN,Areeba Guinea,
612,CI,Ivory Coast,,,05,MTN,Loteny Telecom,
621,NG,Nigeria,,,30,MTN,MTN Nigeria Communications Limited,
635,RW,Rwanda,,,10,MTN,MTN Rwandacell SARL,
655,ZA,South Africa,,,10,MTN,MTN Group,
655,ZA,South Africa,,,12,MTN,MTN Group,
659,SS,South Sudan,,,02,MTN,MTN South Sudan,
634,SD,Sudan,,,02,MTN,MTN Sudan,
634,SD,Sudan,,,03,MTN,MTN Sudan,
417,SY,Syria,,,02,MTN,MTN Syria,
641,UG,Uganda,,,10,MTN,MTN Uganda,
421,YE,Yemen,,,02,MTN,Spacetel Yemen,
645,ZM,Zambia,,,02,MTN,MTN Group,
412,AF,Afghanistan,,,50,Etisalat,Etisalat Afghanistan,
602,EG,Egypt,,,03,Etisalat,Etisalat Egypt,
621,NG,Nigeria,,,60,Etisalat,Emerging Markets Telecommunication Services Ltd (Etisalat),
413,LK,Sri Lanka,,,03,Etisalat,Etisalat Lanka (Pvt) Ltd,
424,AE,United Arab Emirates,,,02,Etisalat,Emirates Telecom Corp,
412,AF,Afghanistan,,,55,WASEL,WASEL Afghanistan,
412,AF,Afghanistan,,,80,Salaam,Afghan Telecom,
412,AF,Afghanistan,,,88,Salaam,Afghan Telecom,
276,AL,Albania,,,01,Telekom.al,Telekom Albania,
276,AL,Albania,,,02,Vodafone,Vodafone Albania,
505,AU,Australia,,,03,Vodafone,Vodafone Hutchison Australia Proprietary Limited,
505,AU,Australia,,,07,Vodafone,Vodafone Network Pty. Ltd.,
230,CZ,Czech Republic,,,03,Vodafone,Vodafone Czech Republic,
230,CZ,Czech Republic,,,99,Vodafone,Vodafone Czech Republic,
602,EG,Egypt,,,02,Vodafone,Vodafone Egypt,
288,FO,Faroe Islands (Kingdom of Denmark),,,02,Vodafone,Vodafone Faroe Islands,
542,FJ,Fiji,,,01,Vodafone,Vodafone Fiji,
547,PF,French Polynesia (France),,,15,Vodafone,Pacific Mobile Telecom,
262,DE,Germany,,,02,Vodafone,Vodafone D2 GmbH,
262,DE,Germany,,,04,Vodafone,Vodafone D2 GmbH,
262,DE,Germany,,,09,Vodafone,Vodafone D2 GmbH,
620,GH,Ghana,,,02,Vodafone,Vodafone Group,
202,GR,Greece,,,05,Vodafone,Vodafone Greece,
216,HU,Hungary,,,70,Vodafone,Vodafone Magyarország Zrt.,
274,IS,Iceland,,,02,Vodafone,Og fjarskipti hf,
274,IS,Iceland,,,03,Vodafone,Og fjarskipti hf,
272,IE,Ireland,,,01,Vodafone,Vodafone Ireland,
222,IT,Italy,,,06,Vodafone,Vodafone Italia S.p.A.,
222,IT,Italy,,,10,Vodafone,Vodafone Italia S.p.A.,
278,MT,Malta,,,01,Vodafone,Vodafone Malta,
204,NL,Netherlands (Kingdom of the Netherlands),,,04,Vodafone,Vodafone Libertel B.V.,
530,NZ,New Zealand,,,01,Vodafone,Vodafone New Zealand,
530,NZ,New Zealand,,,04,Vodafone,TelstraClear New Zealand,
268,PT,Portugal,,,01,Vodafone,Vodafone Portugal,
427,QA,Qatar,,,02,Vodafone,Vodafone Qatar,
226,RO,Romania,,,01,Vodafone,Vodafone România,
214,ES,Spain,,,01,Vodafone,Vodafone Spain,
214,ES,Spain,,,06,Vodafone,Vodafone Spain,
286,TR,Turkey,,,02,Vodafone,Vodafone Turkey,
641,UG,Uganda,,,06,Vodafone,Afrimax Uganda,
255,UA,Ukraine,,,01,Vodafone,MTS Ukraine,
276,AL,Albania,,,03,Eagle Mobile,Albtelecom,
276,AL,Albania,,,04,Plus Communication,Plus Communication,
603,DZ,Algeria,,,01,Mobilis,Algérie Télécom,
546,NC,New Caledonia (France),,,01,Mobilis,OPT New Caledonia,
603,DZ,Algeria,,,02,Djezzy,Optimum Telecom Algérie Spa,
603,DZ,Algeria,,,03,Ooredoo,Wataniya Telecom Algérie,
472,MV,Maldives,,,02,Ooredoo,Wataniya Telecom Maldives,
414,MM,Myanmar,,,05,Ooredoo,Ooredoo Myanmar,
422,OM,Oman,,,03,ooredoo,Omani Qatari Telecommunications Company SAOC,
427,QA,Qatar,,,01,ooredoo,ooredoo,
544,AS,American Samoa (United States of America),,,11,Bluesky,Bluesky,
549,WS,Samoa,,,27,Bluesky,Bluesky Samoa Ltd,
213,AD,Andorra,,,03,Mobiland,Servei De Tele. DAndorra,
631,AO,Angola,,,02,UNITEL,UNITEL S.a.r.l.,
637,SO,Somalia,,,57,UNITEL,UNITEL S.a.r.l.,
631,AO,Angola,,,04,MOVICEL,MOVICEL Telecommunications S.A.,
365,AI,Anguilla (United Kingdom),,,840,FLOW,Cable & Wireless,
344,AG,Antigua and Barbuda,,,920,FLOW,Cable & Wireless Caribbean Cellular (Antigua) Limited,
342,BB,Barbados,,,600,FLOW,LIME (formerly known as Cable & Wireless),
348,VG,British Virgin Islands (United Kingdom),,,170,FLOW,Cable & Wireless,
346,KY,Cayman Islands (United Kingdom),,,140,FLOW,Cable & Wireless (Cayman Islands) Limited,
366,DM,Dominica,,,110,FLOW,Cable & Wireless,
352,GD,Grenada,,,110,FLOW,Cable & Wireless Grenada Ltd.,
338,JM,Jamaica,,,020,FLOW,LIME (Cable & Wireless),
338,JM,Jamaica,,,110,FLOW,Cable & Wireless Communications,
338,JM,Jamaica,,,180,FLOW,Cable & Wireless Communications,
354,MS,Montserrat (United Kingdom),,,860,FLOW,Cable & Wireless,
356,KN,Saint Kitts and Nevis,,,110,FLOW,Cable & Wireless St. Kitts & Nevis Ltd,
358,LC,Saint Lucia,,,110,FLOW,Cable & Wireless,
360,VC,Saint Vincent and the Grenadines,,,110,FLOW,Cable & Wireless (St. Vincent & the Grenadines) Ltd,
376,TC,Turks and Caicos Islands,,,350,FLOW,Cable & Wireless West Indies Ltd (Turks & Caicos),
376,TC,Turks and Caicos Islands,,,352,FLOW,Cable & Wireless West Indies Ltd (Turks & Caicos),
376,TC,Turks and Caicos Islands,,,360,FLOW,Cable & Wireless West Indies Ltd (Turks & Caicos),
344,AG,Antigua and Barbuda,,,030,APUA,Antigua Public Utilities Authority,
344,AG,Antigua and Barbuda,,,050,Digicel,Antigua Wireless Ventures Limited,
363,AW,Aruba (Kingdom of the Netherlands),,,02,Digicel,Digicel Aruba,
342,BB,Barbados,,,750,Digicel,Digicel (Barbados) Limited,
348,VG,British Virgin Islands (United Kingdom),,,770,Digicel,Digicel (BVI) Limited,
346,KY,Cayman Islands (United Kingdom),,,050,Digicel,Digicel Cayman Ltd.,
366,DM,Dominica,,,020,Digicel,Digicel Group Limited,
706,SV,El Salvador,,,02,digicel,Digicel Group,
542,FJ,Fiji,,,02,Digicel,Digicel Fiji,
340,BL/GF/GP/MF/MQ,French Antilles (France),,,20,Digicel,DIGICEL Antilles Française Guyane,
352,GD,Grenada,,,030,Digicel,Digicel Grenada Ltd.,
738,GY,Guyana,,,01,Digicel,U-Mobile (Cellular) Inc.,
372,HT,Haiti,,,02,Digicel,Unigestion Holding S.A.,
708,HN,Honduras,,,040,Digicel,Digicel de Honduras,
338,JM,Jamaica,,,050,Digicel,Digicel (Jamaica) Limited,
536,NR,Nauru,,,02,Digicel,Digicel (Nauru) Corporation,
362,BQ/CW/SX,Former Netherlands Antilles (Kingdom of the Netherlands),,,68,Digicel,Curaçao Telecom N.V.,
362,BQ/CW/SX,Former Netherlands Antilles (Kingdom of the Netherlands),,,69,Digicel,Curaçao Telecom N.V.,
362,BQ/CW/SX,Former Netherlands Antilles (Kingdom of the Netherlands),,,76,Digicel,Antiliano Por N.V.,
714,PA,Panama,,,04,Digicel,Digicel Group,
537,PG,Papua New Guinea,,,03,Digicel,Digicel PNG,
356,KN,Saint Kitts and Nevis,,,050,Digicel,Wireless Ventures (St Kitts-Nevis) Limited,
358,LC,Saint Lucia,,,050,Digicel,NULL,
360,VC,Saint Vincent and the Grenadines,,,050,Digicel,Digicel (St. Vincent and the Grenadines) Limited,
549,WS,Samoa,,,01,Digicel,Digicel Pacific Ltd.,
746,SR,Suriname,,,03,Digicel,Digicel Group Limited,
746,SR,Suriname,,,04,Digicel,Digicel Group Limited,
539,TO,Tonga,,,88,Digicel,Digicel (Tonga) Limited,
374,TT,Trinidad and Tobago,,,130,Digicel,Digicel (Trinidad & Tobago) Limited,
338,TC,Turks and Caicos Islands,,,050,Digicel,Digicel (Turks & Caicos) Limited,
541,VU,Vanuatu,,,05,Digicel,Digicel Vanuatu Ltd,
722,AR,Argentina,,,010,Movistar,Telefónica Móviles Argentina S.A.,
722,AR,Argentina,,,070,Movistar,Telefónica Móviles Argentina S.A.,
730,CL,Chile,,,02,movistar,Telefónica Móvil de Chile,
730,CL,Chile,,,07,movistar,Telefónica Móvil de Chile,
732,CO,Colombia,,,001,movistar,Colombia Telecomunicaciones S.A. ESP,
732,CO,Colombia,,,123,movistar,Colombia Telecomunicaciones S.A. ESP,
712,CR,Costa Rica,,,04,movistar,Telefónica Móviles Costa Rica,
740,EC,Ecuador,,,00,Movistar,Otecel S.A.,
706,SV,El Salvador,,,04,movistar,Telefónica Móviles El Salvador,
704,GT,Guatemala,,,03,movistar,Telefónica Móviles Guatemala (Telefónica),
334,MX,Mexico,,,030,movistar,Movistar - Telefónica Moviles,
710,NI,Nicaragua,,,30,movistar,Telefonía Celular de Nicaragua,
714,PA,Panama,,,02,movistar,Telefónica Moviles Panama S.A,
716,PE,Peru,,,06,Movistar,Telefónica del Perú S.A.A.,
214,ES,Spain,,,05,Movistar,Telefónica Móviles España,
214,ES,Spain,,,07,Movistar,Telefónica Móviles España,
748,UY,Uruguay,,,07,Movistar,Telefónica Móviles Uruguay,
734,VE,Venezuela,,,04,movistar,Telefónica Móviles Venezuela,
722,AR,Argentina,,,020,Nextel,NII Holdings,
724,BR,Brazil,,,00,Nextel,NII Holdings,
724,BR,Brazil,,,39,Nextel,NII Holdings,
316,US,United States of America,,,010,Nextel,Nextel Communications,
722,AR,Argentina,,,034,Personal,Telecom Personal S.A.,
722,AR,Argentina,,,341,Personal,Telecom Personal S.A.,
744,PY,Paraguay,,,05,Personal,Núcleo S.A(TIM),
722,AR,Argentina,,,040,Globalstar,TE.SA.M Argentina S.A.,
302,CA,Canada,,,710,Globalstar,NULL,
722,AR,Argentina,,,310,Claro,AMX Argentina S.A.,
722,AR,Argentina,,,320,Claro,AMX Argentina S.A.,
722,AR,Argentina,,,330,Claro,AMX Argentina S.A.,
724,BR,Brazil,,,05,Claro,Claro,
724,BR,Brazil,,,38,Claro,Claro,
730,CL,Chile,,,03,Claro,Claro Chile S.A.,
732,CO,Colombia,,,101,Claro,COMCEL S.A.,
712,CR,Costa Rica,,,03,Claro,Claro CR Telecomunicaciones (Aló),
370,DO,Dominican Republic,,,02,Claro,Compañía Dominicana de Teléfonos,
740,EC,Ecuador,,,01,Claro,CONECEL S.A.,
706,SV,El Salvador,,,01,Claro,CTE Telecom Personal,
704,GT,Guatemala,,,01,Claro,Telecomunicaciones de Guatemala,
708,HN,Honduras,,,001,Claro,Servicios de Comunicaciones de Honduras S.A. de C.V.,
338,JM,Jamaica,,,070,Claro,Oceanic Digital Jamaica Limited,
710,NI,Nicaragua,,,21,Claro,Empresa Nicaragüense de Telecomunicaciones,
710,NI,Nicaragua,,,73,Claro,Servicios de Comunicaciones S.A.,
714,PA,Panama,,,03,Claro,América Móvil,
716,PE,Peru,,,10,Claro,América Móvil Perú,
748,UY,Uruguay,,,10,Claro,AM Wireless Uruguay S.A.,
722,AR,Argentina,,,350,PORT-HABLE,Hutchison Telecommunications Argentina S.A.,
283,AM,Armenia,,,01,Beeline,ArmenTel,
282,GE,Georgia,,,04,Beeline,Mobitel LLC,
401,KZ,Kazakhstan,,,01,Beeline,KaR-Tel LLP,
437,KG,Kyrgyzstan,,,01,Beeline,Sky Mobile LLC,
457,LA,Laos,,,08,Beeline,VimpelCom Lao Ltd,
250,RU,Russian Federation,,,28,Beeline,Beeline,
250,RU,Russian Federation,,,99,Beeline,OJSC Vimpel-Communications,
436,TJ,Tajikistan,,,05,Beeline,Tacom,
255,UA,Ukraine,,,02,Beeline,Kyivstar GSM JSC,
434,UZ,Uzbekistan,,,04,Beeline,Unitel LLC,
283,AM,Armenia,,,04,Karabakh Telecom,Karabakh Telecom,
283,AM,Armenia,,,05,VivaCell-MTS,K Telecom CJSC,
283,AM,Armenia,,,10,Ucom,Ucom LLC,
363,AW,Aruba (Kingdom of the Netherlands),,,01,SETAR,Servicio di Telecomunicacion di Aruba,
505,AU,Australia,,,01,Telstra,Telstra Corporation Limited,
505,AU,Australia,,,11,Telstra,Telstra Corporation Ltd.,
505,AU,Australia,,,39,Telstra,Telstra Corporation Ltd.,
505,AU,Australia,,,71,Telstra,Telstra Corporation Limited,
505,AU,Australia,,,72,Telstra,Telstra Corporation Limited,
505,AU,Australia,,,02,Optus,Singtel Optus Proprietary Limited,
505,AU,Australia,,,36,Optus,Optus Mobile Pty. Ltd.,
505,AU,Australia,,,90,Optus,Singtel Optus Proprietary Limited,
505,AU,Australia,,,05,Ozitel,NULL,
505,AU,Australia,,,06,3,Vodafone Hutchison Australia Proprietary Limited,
505,AU,Australia,,,12,3,Vodafone Hutchison Australia Proprietary Limited,
232,AT,Austria,,,05,3,Hutchison Drei Austria,
232,AT,Austria,,,10,3,Hutchison Drei Austria,
238,DK,Denmark (Kingdom of Denmark),,,06,3,Hi3G Denmark ApS,
454,HK,Hong Kong,,,03,3,Hutchison Telecom,
510,ID,Indonesia,,,89,3,PT Hutchison CP Telecommunications,
272,IE,Ireland,,,02,3,Hutchison 3G Ireland limited,
272,IE,Ireland,,,05,3,Hutchison 3G Ireland limited,
455,MO,Macau (Peoples Republic of China),,,03,3,Hutchison Telephone (Macau),
455,MO,Macau (Peoples Republic of China),,,05,3,Hutchison Telephone (Macau),
240,SE,Sweden,,,02,3,HI3G Access AB,
234,GB,United Kingdom,,,20,3,Hutchison 3G UK Ltd,
505,AU,Australia,,,08,One.Tel,One.Tel Limited,
505,AU,Australia,,,99,One.Tel,One.Tel,
505,AU,Australia,,,09,Airnet,NULL,
505,AU,Australia,,,10,Norfolk Is.,Norfolk Telecom,
505,AU,Australia,,,13,Railcorp,Railcorp,
505,AU,Australia,,,14,AAPT,TPG Telecom,
505,AU,Australia,,,15,3GIS,NULL,
505,AU,Australia,,,16,VicTrack,Victorian Rail Track,
505,AU,Australia,,,18,Pactel,Pactel International Pty Ltd,
505,AU,Australia,,,19,Lycamobile,Lycamobile Pty Ltd,
232,AT,Austria,,,08,Lycamobile,Lycamobile Austria,
206,BE,Belgium,,,06,Lycamobile,Lycamobile sprl,
238,DK,Denmark (Kingdom of Denmark),,,12,Lycamobile,Lycamobile Denmark Ltd,
208,FR,France,,,25,LycaMobile,LycaMobile,
262,DE,Germany,,,43,Lycamobile,Lycamobile,
454,HK,Hong Kong,,,23,Lycamobile,Lycamobile Hong Kong Ltd,
272,IE,Ireland,,,13,Lycamobile,Lycamobile,
222,IT,Italy,,,35,Lycamobile,Lycamobile,
294,MK,Macedonia,,,04,Lycamobile,Lycamobile LLC,
204,NL,Netherlands (Kingdom of the Netherlands),,,09,Lycamobile,Lycamobile Netherlands Limited,
242,NO,Norway,,,23,Lycamobile,Lyca Mobile Ltd,
260,PL,Poland,,,09,Lycamobile,Lycamobile Sp. z o.o.,
268,PT,Portugal,,,04,LycaMobile,LycaMobile,
226,RO,Romania,,,16,Lycamobile,Lycamobile Romania,
214,ES,Spain,,,25,Lycamobile,LycaMobile S.L.,
240,SE,Sweden,,,12,Lycamobile,Lycamobile Sweden Limited,
228,CH,Switzerland,,,54,Lycamobile,Lycamobile AG,
641,UG,Uganda,,,26,Lycamobile,Lycamobile Network Services Uganda Limited,
234,GB,United Kingdom,,,26,Lycamobile,Lycamobile UK Limited,
311,US,United States of America,,,960,Lycamobile,Lycamobile USA Inc.,
505,AU,Australia,,,38,Truphone,Truphone Pty Ltd,
454,HK,Hong Kong,,,08,Truphone,Truphone Limited,
260,PL,Poland,,,33,Truphone,Truphone Poland Sp. z o.o.,
214,ES,Spain,,,27,Truphone,SCN Truphone,
234,GB,United Kingdom,,,25,Truphone,Truphone,
505,AU,Australia,,,62,NBN,National Broadband Network Co.,
505,AU,Australia,,,68,NBN,National Broadband Network Co.,
505,AU,Australia,,,88,Localstar Holding Pty. Ltd.,NULL,
232,AT,Austria,,,01,A1.net,A1 Telekom Austria,
232,AT,Austria,,,03,T-Mobile AT,T-Mobile Austria,
232,AT,Austria,,,04,T-Mobile AT,T-Mobile Austria Gmbh,
232,AT,Austria,,,06,Orange AT,Orange Austria GmbH,
232,AT,Austria,,,07,tele.ring,T-Mobile Austria,
232,AT,Austria,,,09,Tele2Mobil,A1 Telekom Austria,
232,AT,Austria,,,11,bob,A1 Telekom Austria,
232,AT,Austria,,,12,yesss!,A1 Telekom Austria,
232,AT,Austria,,,13,upc,UPC Austria,
216,HU,Hungary,,,71,upc,UPC Hungary Ltd.,
204,NL,Netherlands (Kingdom of the Netherlands),,,18,upc,UPC Nederland B.V.,
232,AT,Austria,,,15,Vectone Mobile,Mundio Mobile Austria,
206,BE,Belgium,,,07,Vectone Mobile,Mundio Mobile Belgium nv,
280,CY,Cyprus,,,23,Vectone Mobile,Mundio Mobile Cyprus Ltd.,
230,CZ,Czech Republic,,,09,Vectone Mobile,Mundio Distribution Czech Republic s.r.o.,
238,DK,Denmark (Kingdom of Denmark),,,07,Vectone Mobile,Mundio Mobile (Denmark) Limited,
244,FI,Finland,,,30,Vectone Mobile,Mundio Mobile Oy,
208,FR,France,,,31,Vectone Mobile,Mundio Mobile,
204,NL,Netherlands (Kingdom of the Netherlands),,,06,Vectone Mobile,Mundio Mobile (Netherlands) Ltd,
260,PL,Poland,,,36,Vectone Mobile,Mundio Mobile,
268,PT,Portugal,,,07,Vectone Mobile,Mundio Mobile (Portugal) Limited,
220,RS,Serbia,,,09,Vectone Mobile,MUNDIO MOBILE d.o.o.,
240,SE,Sweden,,,19,Vectone Mobile,Mundio Mobile (Sweden) Limited,
234,GB,United Kingdom,,,01,Vectone Mobile,Mundio Mobile Limited,
235,GB,United Kingdom,,,00,Vectone Mobile,Mundio Mobile Limited,
232,AT,Austria,,,91,GSM-R A,ÖBB,
232,AT,Austria,,,92,ArgoNET,ArgoNET GmbH,
400,AZ,Azerbaijan,,,01,Azercell,NULL,
400,AZ,Azerbaijan,,,02,Bakcell,NULL,
400,AZ,Azerbaijan,,,03,FONEX,CATEL,
437,KG,Kyrgyzstan,,,03,Fonex,Aktel Ltd,
400,AZ,Azerbaijan,,,04,Nar Mobile,Azerfon,
400,AZ,Azerbaijan,,,06,Naxtel,Nakhtel LLC,
364,BS,Bahamas,,,39,BTC,The Bahamas Telecommunications Company Ltd (BaTelCo),
364,BS,Bahamas,,,49,NewCo 2015,Cable Bahamas Ltd,
426,BH,Bahrain,,,01,Batelco,Bahrain Telecommunications Company,
426,BH,Bahrain,,,05,Batelco,Bahrain Telecommunications Company,
426,BH,Bahrain,,,02,zain BH,Zain Bahrain,
426,BH,Bahrain,,,04,VIVA Bahrain,Viva Bahrain,
470,BD,Bangladesh,,,01,Grameenphone,GrameenPhone Ltd,
470,BD,Bangladesh,,,02,Robi,Axiata Bangladesh Ltd.,
470,BD,Bangladesh,,,03,Banglalink,Banglalink Digital Communications Ltd,
470,BD,Bangladesh,,,04,TeleTalk,Teletalk Bangladesh Limited,
470,BD,Bangladesh,,,05,Citycell,Pacific Bangladesh Telecom Limited,
470,BD,Bangladesh,,,07,Airtel,Bharti airtel Bangladesh Ltd.,
613,BF,Burkina Faso,,,02,Airtel,Airtel Burkina Faso,
622,TD,Chad,,,01,Airtel,Bharti Airtel SA,
629,CG,Congo,,,01,Airtel,Celtel Congo,
630,CD,Democratic Republic of the Congo,,,02,Airtel,Airtel sprl,
628,GA,Gabon,,,03,Airtel,Airtel Gabon S.A.,
620,GH,Ghana,,,06,Airtel,Airtel,
404,IN,India,,,02,AirTel,Punjab,
404,IN,India,,,03,AirTel,Himachal Pradesh,
404,IN,India,,,10,AirTel,Delhi & NCR,
404,IN,India,,,16,Airtel,North East,
404,IN,India,,,31,AirTel,Kolkata,
404,IN,India,,,40,AirTel,Chennai,
404,IN,India,,,45,Airtel,Karnataka,
404,IN,India,,,49,Airtel,Andhra Pradesh and Telangana,
404,IN,India,,,70,AirTel,Rajasthan,
404,IN,India,,,90,AirTel,Maharashtra,
404,IN,India,,,92,AirTel,Mumbai,
404,IN,India,,,93,AirTel,Madhya Pradesh,
404,IN,India,,,94,AirTel,Tamil Nadu,
404,IN,India,,,95,AirTel,Kerala,
404,IN,India,,,96,AirTel,Haryana,
404,IN,India,,,97,AirTel,Uttar Pradesh (West),
404,IN,India,,,98,AirTel,Gujarat,
405,IN,India,,,51,AirTel,West Bengal,
405,IN,India,,,52,AirTel,Bihar & Jharkhand,
405,IN,India,,,53,AirTel,Orissa,
405,IN,India,,,54,AirTel,Uttar Pradesh (East),
405,IN,India,,,55,Airtel,Jammu & Kashmir,
405,IN,India,,,56,AirTel,Assam,
639,KE,Kenya,,,03,Airtel,Bharti Airtel,
646,MG,Madagascar,,,01,Airtel,Bharti Airtel,
650,MW,Malawi,,,10,Airtel,Bharti Airtel Limited,
614,NE,Niger,,,02,Airtel,Bharti Airtel Limited,
621,NG,Nigeria,,,20,Airtel,Bharti Airtel Limited,
635,RW,Rwanda,,,14,Airtel,Airtel RWANDA,
633,SC,Seychelles,,,10,Airtel,Telecom Seychelles Ltd,
619,SL,Sierra Leone,,,01,Airtel,Bharti Airtel Limited,
413,LK,Sri Lanka,,,05,Airtel,Bharti Airtel Lanka (Pvt) Ltd,
640,TZ,Tanzania,,,05,Airtel,Bharti Airtel,
641,UG,Uganda,,,01,Airtel,Bharti Airtel,
641,UG,Uganda,,,22,Airtel,Bharti Airtel,
645,ZM,Zambia,,,01,Airtel,Bharti Airtel,
470,BD,Bangladesh,,,09,ollo,Bangladesh Internet Exchange Limited (BIEL),
257,BY,Belarus,,,01,velcom,NULL,
257,BY,Belarus,,,02,MTS,Mobile TeleSystems,
302,CA,Canada,,,655,MTS,MTS Mobility,
302,CA,Canada,,,660,MTS,MTS Mobility,
247,LV,Latvia,,,07,MTS,Master Telecom,
250,RU,Russian Federation,,,01,MTS,Mobile TeleSystems,
250,RU,Russian Federation,,,50,MTS,Bezlimitno.ru,
438,TM,Turkmenistan,,,01,MTS,MTS Turkmenistan,
257,BY,Belarus,,,03,DIALLOG,BelCel,
257,BY,Belarus,,,04,life:),Belarusian Telecommunications Network,
257,BY,Belarus,,,06,beCloud,Belorussian Cloud Technologies,
206,BE,Belgium,,,00,Proximus,Belgacom Mobile,
206,BE,Belgium,,,01,Proximus,Belgacom Mobile,
206,BE,Belgium,,,05,Telenet,Telenet,
206,BE,Belgium,,,09,Voxbone,Voxbone mobile,
238,DK,Denmark (Kingdom of Denmark),,,08,Voxbone,Voxbone mobile,
244,FI,Finland,,,32,Voxbone,Voxbone SA,
208,FR,France,,,18,Voxbone,Voxbone mobile,
204,NL,Netherlands (Kingdom of the Netherlands),,,62,Voxbone,Voxbone mobile,
260,PL,Poland,,,39,Voxbone,VOXBONE SA,
240,SE,Sweden,,,38,Voxbone,Voxbone mobile,
206,BE,Belgium,,,10,Orange,Orange S.A.,
652,BW,Botswana,,,02,Orange,Orange (Botswana) Pty Limited,
624,CM,Cameroon,,,02,Orange,Orange Cameroun S.A.,
623,CF,Central African Republic,,,03,Orange,Orange RCA,
370,DO,Dominican Republic,,,01,Orange,Orange Dominicana,
602,EG,Egypt,,,01,Orange,Orange Egypt,
208,FR,France,,,01,Orange,Orange S.A.,
208,FR,France,,,02,Orange,Orange S.A.,
340,BL/GF/GP/MF/MQ,French Antilles (France),,,01,Orange,Orange Caraïbe Mobiles,
647,YT/RE,French Indian Ocean Territories (France),,,00,Orange,Orange La Réunion,
611,GN,Guinea,,,01,Orange,Orange S.A.,
632,GW,Guinea-Bissau,,,03,Orange,NULL,
612,CI,Ivory Coast,,,03,Orange,Orange,
416,JO,Jordan,,,77,Orange,Petra Jordanian Mobile Telecommunications Company (MobileCom),
270,LU,Luxembourg,,,99,Orange,Orange S.A.,
646,MG,Madagascar,,,02,Orange,Orange Madagascar S.A.,
610,ML,Mali,,,02,Orange,Orange Mali SA,
617,MU,Mauritius,,,01,Orange,Cellplus Mobile Communications Ltd.,
259,MD,Moldova,,,01,Orange,Orange Moldova,
614,NE,Niger,,,04,Orange,Orange Niger,
260,PL,Poland,,,03,Orange,Polska Telefonia Komórkowa Centertel Sp. z o.o.,
260,PL,Poland,,,05,Orange,Polska Telefonia Komórkowa Centertel Sp. z o.o.,
226,RO,Romania,,,10,Orange,Orange România,
608,SN,Senegal,,,01,Orange,Sonatel,
231,SK,Slovakia,,,01,Orange,Orange Slovensko,
231,SK,Slovakia,,,05,Orange,Orange Slovensko,
214,ES,Spain,,,03,Orange,France Telecom España SA,
214,ES,Spain,,,09,Orange,France Telecom España SA,
214,ES,Spain,,,11,Orange,France Telecom España SA,
605,TN,Tunisia,,,01,Orange,Orange Tunisie,
234,GB,United Kingdom,,,33,Orange,EE,
234,GB,United Kingdom,,,34,Orange,EE,
206,BE,Belgium,,,20,BASE,Telenet,
206,BE,Belgium,,,40,JOIN,JOIN Experience (Belgium),
702,BZ,Belize,,,67,DigiCell,Belize Telemedia Limited (BTL),
702,BZ,Belize,,,68,INTELCO,International Telecommunications Ltd.,
702,BZ,Belize,,,69,SMART,Speednet Communications Limited,
702,BZ,Belize,,,99,SMART,Speednet Communications Limited,
456,KH,Cambodia,,,02,Smart,Smart Axiata Co. Ltd,
456,KH,Cambodia,,,05,Smart,Smart Axiata Co. Ltd,
456,KH,Cambodia,,,06,Smart,Smart Axiata Co. Ltd,
515,PH,Philippines,,,03,SMART,PLDT via Smart Communications,
640,TZ,Tanzania,,,08,Smart,Benson Informatics Limited,
641,UG,Uganda,,,18,Smart,Suretelecom Uganda Ltd.,
616,BJ,Benin,,,01,Libercom,Benin Telecoms Mobile,
616,BJ,Benin,,,02,Moov,Telecel Benin,
628,GA,Gabon,,,02,Moov,Atlantique Télécom (Etisalat Group) Gabon S.A.,
612,CI,Ivory Coast,,,02,Moov,Atlantique Cellulaire,
614,NE,Niger,,,03,Moov,Atlantique Telecom (subsidiary of Etisalat),
615,TG,Togo,,,03,Moov,Moov Togo,
616,BJ,Benin,,,04,BBCOM,Bell Benin Communications,
616,BJ,Benin,,,05,Glo,Glo Communication Benin,
621,NG,Nigeria,,,50,Glo,Globacom Ltd,
310,BM,Bermuda,,,59,Cellular One,NULL,
310,US,United States of America,,,320,Cellular One,Smith Bagley,
310,US,United States of America,,,570,Cellular One,TX-10,
338,BM,Bermuda,,,050,Digicel Bermuda,NULL,
350,BM,Bermuda,,,01,Digicel Bermuda,Telecommunications (Bermuda & West Indies) Ltd,
350,BM,Bermuda,,,00,CellOne,Bermuda Digital Communications Ltd.,
404,IN,India,,,34,cellone,Haryana,
404,IN,India,,,38,cellone,Assam,
404,IN,India,,,51,cellone,Himachal Pradesh,
404,IN,India,,,53,cellone,Punjab,
404,IN,India,,,54,cellone,Uttar Pradesh (West),
404,IN,India,,,55,cellone,Uttar Pradesh (East),
404,IN,India,,,57,cellone,Gujarat,
404,IN,India,,,58,cellone,Madhya Pradesh & Chhattisgarh,
404,IN,India,,,59,cellone,Rajasthan,
404,IN,India,,,62,cellone,Jammu & Kashmir,
404,IN,India,,,64,cellone,Chennai,
404,IN,India,,,66,cellone,Maharashtra & Goa,
404,IN,India,,,71,cellone,Karnataka (Bangalore),
404,IN,India,,,72,cellone,Kerala,
404,IN,India,,,73,cellone,Andhra Pradesh and Telangana,
404,IN,India,,,74,cellone,West Bengal,
404,IN,India,,,75,cellone,Bihar,
404,IN,India,,,76,cellone,Orissa,
404,IN,India,,,77,cellone,North East,
404,IN,India,,,79,cellone,Andaman Nicobar,
404,IN,India,,,80,cellone,Tamil Nadu,
404,IN,India,,,81,cellone,Kolkata,
350,BM,Bermuda,,,02,Mobility,M3 Wireless,
402,BT,Bhutan,,,11,B-Mobile,B-Mobile / Bhutan Telecom Ltd.,
528,BN,Brunei,,,02,B-Mobile,B-Mobile Communications Sdn Bhd,
402,BT,Bhutan,,,77,TashiCell,Tashi InfoComm Limited,
736,BO,Bolivia,,,01,Viva,Nuevatel PCS De Bolivia SA,
370,DO,Dominican Republic,,,04,Viva,Trilogy Dominicana,
419,KW,Kuwait,,,04,Viva,Kuwait Telecommunication Company,
736,BO,Bolivia,,,02,Entel,Entel SA,
730,CL,Chile,,,01,entel,Entel Telefonía Móvil S.A.,
730,CL,Chile,,,10,entel,Entel Telefonía Móvil S.A.,
716,PE,Peru,,,07,Entel,Entel Perú S.A.,
716,PE,Peru,,,17,Entel,Entel Perú S.A.,
736,BO,Bolivia,,,03,Tigo,Telefónica Celular De Bolivia S.A,
622,TD,Chad,,,03,Tigo,Millicom,
732,CO,Colombia,,,020,Tigo,Une EPM Telecomunicaciones S.A. E.S.P.,
732,CO,Colombia,,,103,Tigo,Colombia Móvil S.A. ESP,
732,CO,Colombia,,,111,Tigo,Colombia Móvil S.A. ESP,
630,CD,Democratic Republic of the Congo,,,89,Tigo,OASIS sprl,
706,SV,El Salvador,,,03,Tigo,Telemovil El Salvador S.A.,
620,GH,Ghana,,,03,tiGO,Millicom Ghana,
704,GT,Guatemala,,,02,Tigo,Millicom / Local partners,
708,HN,Honduras,,,002,Tigo,Celtel,
744,PY,Paraguay,,,04,Tigo,Telefónica Celular Del Paraguay S.A. (Telecel),
635,RW,Rwanda,,,13,Tigo,TIGO RWANDA S.A,
608,SN,Senegal,,,02,Tigo,Millicom International Cellular S.A.,
640,TZ,Tanzania,,,02,tiGO,MIC Tanzania Limited,
218,BA,Bosnia and Herzegovina,,,03,HT-ERONET,Public Enterprise Croatian Telecom Ltd.,
218,BA,Bosnia and Herzegovina,,,05,m:tel,RS Telecommunications JSC Banja Luka,
218,BA,Bosnia and Herzegovina,,,90,BH Mobile,BH Telecom,
652,BW,Botswana,,,01,Mascom,Mascom Wireless (Pty) Limited,
652,BW,Botswana,,,04,BTC Mobile,Botswana Telecommunications Corporation,
724,BR,Brazil,,,02,TIM,Telecom Italia Mobile,
724,BR,Brazil,,,03,TIM,Telecom Italia Mobile,
724,BR,Brazil,,,04,TIM,Telecom Italia Mobile,
222,IT,Italy,,,01,TIM,Telecom Italia S.p.A,
222,IT,Italy,,,43,TIM,Telecom Italia S.p.A.,
222,IT,Italy,,,48,TIM,Telecom Italia S.p.A.,
724,BR,Brazil,,,06,Vivo,Vivo S.A.,
724,BR,Brazil,,,10,Vivo,Vivo S.A.,
724,BR,Brazil,,,11,Vivo,Vivo S.A.,
724,BR,Brazil,,,23,Vivo,Vivo S.A.,
724,BR,Brazil,,,15,Sercomtel,Sercomtel Celular,
724,BR,Brazil,,,16,Brasil Telecom GSM,Brasil Telecom GSM,
724,BR,Brazil,,,18,datora,Datora (Vodafone),
724,BR,Brazil,,,30,Oi,TNL PCS Oi,
724,BR,Brazil,,,31,Oi,TNL PCS Oi,
724,BR,Brazil,,,32,Algar Telecom,Algar Telecom S.A.,
724,BR,Brazil,,,33,Algar Telecom,Algar Telecom S.A.,
724,BR,Brazil,,,34,Algar Telecom,Algar Telecom S.A.,
724,BR,Brazil,,,37,aeiou,Unicel,
724,BR,Brazil,,,54,Conecta,PORTO SEGURO TELECOMUNICAÇÔES,
724,BR,Brazil,,,99,Local,Local (Unknown purpose or usage),
995,IO,British Indian Ocean Territory (United Kingdom),,,01,FonePlus,Sure (Diego Garcia) Ltd,
348,VG,British Virgin Islands (United Kingdom),,,570,CCT Boatphone,Caribbean Cellular Telephone,
528,BN,Brunei,,,11,DSTCom,Data Stream Technology,
284,BG,Bulgaria,,,01,M-Tel,Mobiltel,
284,BG,Bulgaria,,,03,Vivacom,BTC,
284,BG,Bulgaria,,,05,Telenor,Telenor (Bulgaria),
238,DK,Denmark (Kingdom of Denmark),,,02,Telenor,Telenor Denmark,
238,DK,Denmark (Kingdom of Denmark),,,77,Telenor,Telenor Denmark,
297,ME,Montenegro,,,01,Telenor,Telenor Montenegro,
414,MM,Myanmar,,,06,Telenor,Telenor Myanmar,
242,NO,Norway,,,01,Telenor,Telenor Norge AS,
242,NO,Norway,,,12,Telenor,Telenor Norge AS,
410,PK,Pakistan,,,06,Telenor,Telenor Pakistan,
220,RS,Serbia,,,01,Telenor,Telenor Serbia,
220,RS,Serbia,,,02,Telenor,Telenor Montenegro,
240,SE,Sweden,,,06,Telenor,Telenor Sverige AB,
240,SE,Sweden,,,08,Telenor,Telenor Sverige AB,
284,BG,Bulgaria,,,07,НКЖИ,НАЦИОНАЛНА КОМПАНИЯ ЖЕЛЕЗОПЪТНА ИНФРАСТРУКТУРА,
284,BG,Bulgaria,,,13,MAX,Max Telecom LTD,
613,BF,Burkina Faso,,,01,Telmob,Onatel,
613,BF,Burkina Faso,,,03,Telecel Faso,Telecel Faso SA,
642,BI,Burundi,,,01,econet Leo,Econet Wireless Burundi PLC,
642,BI,Burundi,,,82,econet Leo,Econet Wireless Burundi PLC,
642,BI,Burundi,,,02,Tempo,VTEL MEA,
642,BI,Burundi,,,03,Onatel,Onatel,
642,BI,Burundi,,,07,Smart Mobile,LACELL SU,
619,SL,Sierra Leone,,,09,Smart Mobile,InterGroup Telecom SL,
642,BI,Burundi,,,08,Lumitel,Viettel Burundi,
456,KH,Cambodia,,,01,Cellcard,CamGSM / The Royal Group,
456,KH,Cambodia,,,18,Cellcard,The Royal Group,
456,KH,Cambodia,,,03,qb,Cambodia Advance Communications Co. Ltd,
456,KH,Cambodia,,,04,qb,Cambodia Advance Communications Co. Ltd,
456,KH,Cambodia,,,08,Metfone,Viettel,
456,KH,Cambodia,,,09,Metfone,Viettel,
456,KH,Cambodia,,,11,SEATEL,SEATEL Cambodia,
624,CM,Cameroon,,,01,MTN Cameroon,Mobile Telephone Network Cameroon Ltd,
624,CM,Cameroon,,,04,Nexttel,Viettel Cameroun,
302,CA,Canada,,,220,Telus Mobility, Koodo Mobile,
302,CA,Canada,,,221,Telus,Telus Mobility,
302,CA,Canada,,,222,Telus,Telus Mobility,
302,CA,Canada,,,361,Telus,Telus Mobility,
302,CA,Canada,,,653,Telus,Telus Mobility,
302,CA,Canada,,,657,Telus,Telus Mobility,
302,CA,Canada,,,860,Telus,Telus Mobility,
302,CA,Canada,,,250,ALO,ALO Mobile Inc.,
302,CA,Canada,,,270,EastLink,Bragg Communications,
302,CA,Canada,,,290,Airtel Wireless,Airtel Wireless,
302,CA,Canada,,,320,Rogers Wireless,Rogers Communications,
302,CA,Canada,,,720,Rogers Wireless,Rogers Communications,
302,CA,Canada,,,820,Rogers Wireless,Rogers Communications,
302,CA,Canada,,,920,Rogers Wireless,Rogers Communications,
302,CA,Canada,,,340,Execulink,Execulink,
302,CA,Canada,,,350,FIRST,FIRST Networks Operations,
302,CA,Canada,,,360,MiKe,Telus Mobility,
302,CA,Canada,,,370,Fido,Fido Solutions (Rogers Wireless),
302,CA,Canada,,,380,Keewaytinook Mobile,Keewaytinook Okimakanak Mobile,
302,CA,Canada,,,530,Keewaytinook Mobile,Keewaytinook Okimakanak Mobile,
302,CA,Canada,,,390,DMTS,Dryden Mobility,
302,CA,Canada,,,480,SSi Connexions,SSi Connexions,
302,CA,Canada,,,490,Freedom Mobile,Shaw Communications,
302,CA,Canada,,,500,Videotron,Videotron,
302,CA,Canada,,,510,Videotron,Videotron,
302,CA,Canada,,,520,Videotron,Videotron,
302,CA,Canada,,,560,Lynx Mobility,Lynx Mobility,
302,CA,Canada,,,570,LightSquared,LightSquared,
302,CA,Canada,,,590,Quadro Mobility,Quadro Communications Co-op,
302,CA,Canada,,,610,Bell Mobility, Virgin Mobile Canada,
302,CA,Canada,,,620,ICE Wireless,ICE Wireless,
302,CA,Canada,,,630,Aliant Mobility,Bell Aliant,
302,CA,Canada,,,640,Bell,Bell Mobility,
302,CA,Canada,,,690,Bell,Bell Mobility,
302,CA,Canada,,,650,TBaytel,Thunder Bay Telephone,
302,CA,Canada,,,656,TBay,Thunder Bay Telephone Mobility,
302,CA,Canada,,,670,CityTel Mobility,CityWest,
302,CA,Canada,,,680,SaskTel,SaskTel Mobility,
302,CA,Canada,,,750,SaskTel,SaskTel Mobility,
302,CA,Canada,,,780,SaskTel,SaskTel Mobility,
302,CA,Canada,,,730,TerreStar Solutions,TerreStar Networks,
302,CA,Canada,,,740,Shaw Telecom,Shaw Communications,
302,CA,Canada,,,760,Public Mobile,Telus Mobility,
302,CA,Canada,,,770,TNW Wireless,Rural Com,
302,CA,Canada,,,880,Bell / Telus / SaskTel,Shared Telus,
302,CA,Canada,,,940,Wightman Mobility,Wightman Telecom,
625,CV,Cape Verde,,,01,CVMOVEL,CVMóvel,
625,CV,Cape Verde,,,02,T+,UNITEL T+ TELECOMUNICACÕES,
623,CF,Central African Republic,,,01,CTP,Centrafrique Telecom Plus,
623,CF,Central African Republic,,,02,TC,Telecel Centrafrique,
623,CF,Central African Republic,,,04,Nationlink,Nationlink Telecom RCA,
637,SO,Somalia,,,10,Nationlink,NationLink Telecom,
637,SO,Somalia,,,60,Nationlink,Nationlink Telecom,
622,TD,Chad,,,02,Tawali,SotelTchad,
622,TD,Chad,,,07,Salam,SotelTchad,
730,CL,Chile,,,04,WOM,Novator Partners,
730,CL,Chile,,,09,WOM,Novator Partners,
730,CL,Chile,,,06,Telefónica del Sur,Blue Two Chile S.A.,
730,CL,Chile,,,08,VTR Móvil,VTR S.A.,
730,CL,Chile,,,12,Colo-Colo Móvil,,
730,CL,Chile,,,13,Virgin Mobile,Tribe Mobile Chile SPA,
732,CO,Colombia,,,154,Virgin Mobile,Virgin Mobile Colombia S.A.S.,
272,IE,Ireland,,,15,Virgin Mobile,UPC,
420,SA,Saudi Arabia,,,05,Virgin Mobile,Virgin Mobile Saudi Arabia,
234,GB,United Kingdom,,,38,Virgin Mobile,Virgin Media,
310,US,United States of America,,,053,Virgin Mobile,Sprint,
730,CL,Chile,,,19,móvil Falabella,Sociedad Falabella Móvil SPA,
730,CL,Chile,,,99,Will,WILL Telefonía,
460,CN,China,,,00,China Mobile,China Mobile,
460,CN,China,,,02,China Mobile,China Mobile,
460,CN,China,,,07,China Mobile,China Mobile,
460,CN,China,,,08,China Mobile,China Mobile,
460,CN,China,,,01,China Unicom,China Unicom,
460,CN,China,,,06,China Unicom,China Unicom,
460,CN,China,,,09,China Unicom,China Unicom,
454,HK,Hong Kong,,,07,China Unicom,China Unicom (Hong Kong) Limited,
460,CN,China,,,03,China Telecom,China Telecom,
460,CN,China,,,05,China Telecom,China Telecom,
460,CN,China,,,11,China Telecom,China Telecom,
455,MO,Macau (Peoples Republic of China),,,02,China Telecom,China Telecom (Macau) Company Limited,
455,MO,Macau (Peoples Republic of China),,,07,China Telecom,China Telecom (Macau) Limitada,
460,CN,China,,,20,China Tietong,China Tietong,
732,CO,Colombia,,,002,Edatel,Edatel S.A. ESP,
732,CO,Colombia,,,099,EMCALI,Empresas Municipales de Cali,
732,CO,Colombia,,,130,AVANTEL,Avantel S.A.S,
732,CO,Colombia,,,187,eTb,Empresa de Telecomunicaciones de Bogotá S.A. ESP,
654,KM,Comoros,,,01,HURI,Comoros Telecom,
654,KM,Comoros,,,02,TELCO SA,Telecom Malagasy (Telma),
629,CG,Congo,,,10,Libertis Telecom,MTN CONGO S.A,
548,CK,Cook Islands (Pacific Ocean),,,01,Kokanet,Telecom Cook Islands,
712,CR,Costa Rica,,,01,Kolbi ICE,Instituto Costarricense de Electricidad,
712,CR,Costa Rica,,,02,Kolbi ICE,Instituto Costarricense de Electricidad,
712,CR,Costa Rica,,,20,fullmóvil,Virtualis S.A.,
219,HR,Croatia,,,01,T-Mobile,T-Hrvatski Telekom,
230,CZ,Czech Republic,,,01,T-Mobile,T-Mobile Czech Republic,
216,HU,Hungary,,,30,T-Mobile,Magyar Telekom Plc,
297,ME,Montenegro,,,02,T-Mobile,T-Mobile Montenegro LLC,
204,NL,Netherlands (Kingdom of the Netherlands),,,20,T-Mobile,T-Mobile Netherlands B.V,
260,PL,Poland,,,02,T-Mobile,T-Mobile Polska S.A.,
220,RS,Serbia,,,04,T-Mobile,T-Mobile Montenegro LLC,
310,US,United States of America,,,160,T-Mobile,T-Mobile US,
310,US,United States of America,,,660,T-Mobile,NULL,
219,HR,Croatia,,,02,Tele2,Tele2,
248,EE,Estonia,,,03,Tele2,Tele2 Eesti,
244,FI,Finland,,,16,Tele2,Oy Finland Tele2 AB,
247,LV,Latvia,,,02,Tele2,Tele2,
246,LT,Lithuania,,,03,Tele2,NULL,
204,NL,Netherlands (Kingdom of the Netherlands),,,02,Tele2,Tele2 Nederland B.V.,
242,NO,Norway,,,04,Tele2,Tele2 (Mobile Norway AS),
250,RU,Russian Federation,,,20,Tele2,Tele2,
240,SE,Sweden,,,07,Tele2,Tele2 Sverige AB,
219,HR,Croatia,,,10,Vip,Vipnet,
368,CU,Cuba,,,01,CUBACEL,Empresa de Telecomunicaciones de Cuba,
280,CY,Cyprus,,,01,Cytamobile-Vodafone,Cyprus Telecommunications Authority,
280,CY,Cyprus,,,20,PrimeTel,PrimeTel PLC,
280,CY,Cyprus,,,22,lemontel,Lemontel Ltd,
230,CZ,Czech Republic,,,02,O2,O2 Czech Republic,
262,DE,Germany,,,07,O2,Telefónica Germany GmbH & Co. oHG,
262,DE,Germany,,,08,O2,Telefónica Germany GmbH & Co. oHG,
262,DE,Germany,,,11,O2,Telefónica Germany GmbH & Co. oHG,
231,SK,Slovakia,,,06,O2,Telefónica O2 Slovakia,
230,CZ,Czech Republic,,,04,U:fon,Air Telecom a. s.,
630,CD,Democratic Republic of the Congo,,,01,Vodacom,Vodacom Congo RDC sprl,
651,LS,Lesotho,,,01,Vodacom,Vodacom Lesotho (Pty) Ltd,
643,MZ,Mozambique,,,04,Vodacom,Vodacom Mozambique,
655,ZA,South Africa,,,01,Vodacom,Vodacom,
640,TZ,Tanzania,,,04,Vodacom,Vodacom Tanzania Limited,
630,CD,Democratic Republic of the Congo,,,05,Supercell,Supercell SPRL,
630,CD,Democratic Republic of the Congo,,,86,Orange S.A.,Orange RDC sarl,
630,CD,Democratic Republic of the Congo,,,88,YTT,Yozma Timeturns sprl,
630,CD,Democratic Republic of the Congo,,,90,Africell,Africell RDC sprl,
607,GM,Gambia,,,02,Africell,Africell,
619,SL,Sierra Leone,,,02,Africell,Lintel Sierra Leone Limited,
619,SL,Sierra Leone,,,03,Africell,Lintel Sierra Leone Limited,
619,SL,Sierra Leone,,,05,Africell,Lintel Sierra Leone Limited,
641,UG,Uganda,,,14,Africell,Africell Uganda,
238,DK,Denmark (Kingdom of Denmark),,,01,TDC,TDC A/S,
238,DK,Denmark (Kingdom of Denmark),,,10,TDC,TDC A/S,
242,NO,Norway,,,08,TDC,TDC Mobil AS,
238,DK,Denmark (Kingdom of Denmark),,,05,TetraNet,ApS KBUS 38 nr. 4418,
238,DK,Denmark (Kingdom of Denmark),,,09,SINE,Dansk Beredskabskommunikation A/S,
238,DK,Denmark (Kingdom of Denmark),,,11,SINE,Dansk Beredskabskommunikation A/S,
238,DK,Denmark (Kingdom of Denmark),,,20,Telia,Telia,
248,EE,Estonia,,,01,Telia,Estonian Mobile Telecom,
242,NO,Norway,,,02,Telia,TeliaSonera Norge AS,
242,NO,Norway,,,05,Telia,TeliaSonera Norge AS,
240,SE,Sweden,,,01,Telia,TeliaSonera Sverige AB,
238,DK,Denmark (Kingdom of Denmark),,,23,GSM-R DK,Banedanmark,
238,DK,Denmark (Kingdom of Denmark),,,25,Viahub,SMS Provider Corp.,
240,SE,Sweden,,,46,Viahub,SMS Provider Corp.,
638,DJ,Djibouti,,,01,Evatis,Djibouti Telecom SA,
370,DO,Dominican Republic,,,03,Tricom,Tricom,
370,DO,Dominican Republic,,,05,Wind,WIND Telecom,
202,GR,Greece,,,09,Wind,Wind Hellas Telecommunications S.A.,
202,GR,Greece,,,10,Wind,Wind Hellas Telecommunications S.A.,
222,IT,Italy,,,88,Wind,Wind Telecomunicazioni S.p.A.,
514,TL,East Timor,,,01,Telkomcel,PT Telekomunikasi Indonesia International,
514,TL,East Timor,,,02,TT,Timor Telecom,
514,TL,East Timor,,,03,Telemor,Viettel Timor-Leste,
740,EC,Ecuador,,,02,CNT Mobile,Corporación Nacional de Telecomunicaciones (CNT EP),
706,SV,El Salvador,,,05,RED,INTELFON,
627,GQ,Equatorial Guinea,,,01,Orange GQ,GETESA,
627,GQ,Equatorial Guinea,,,03,Hits GQ,HiTs EG.SA,
657,ER,Eritrea,,,01,Eritel,Eritrea Telecommunications Services Corporation,
248,EE,Estonia,,,02,Elisa,Elisa Eesti,
244,FI,Finland,,,05,Elisa,Elisa Oyj,
244,FI,Finland,,,06,Elisa,Elisa Oyj,
248,EE,Estonia,,,04,Top Connect,OY Top Connect,
248,EE,Estonia,,,07,Kou,Televõrgu AS,
248,EE,Estonia,,,08,VIVEX,VIVEX OU,
750,FK,Falkland Islands (United Kingdom),,,001,sure,Batelco,
288,FO,Faroe Islands (Kingdom of Denmark),,,01,Faroese Telecom,Faroese Telecom,
244,FI,Finland,,,03,DNA,DNA Oy,
244,FI,Finland,,,04,DNA,DNA Oy,
244,FI,Finland,,,12,DNA,DNA Oy,
244,FI,Finland,,,13,DNA,DNA Oy,
244,FI,Finland,,,07,Nokia,Nokia Solutions and Networks Oy,
244,FI,Finland,,,08,Nokia,Nokia Solutions and Networks Oy,
244,FI,Finland,,,14,Ålcom,Ålands Telekommunikation Ab,
244,FI,Finland,,,15,SAMK,Satakunnan ammattikorkeakoulu Oy,
244,FI,Finland,,,21,Elisa- Saunalahti,Elisa Oyj,
244,FI,Finland,,,25,Datame,Datame Oy,
244,FI,Finland,,,26,Compatel,Compatel Ltd,
244,FI,Finland,,,31,Kuiri,Ukko Mobile Oy,
244,FI,Finland,,,33,VIRVE,Virve Tuotteet ja Palvelut Oy,
244,FI,Finland,,,34,Bittium Wireless,Bittium Wireless Oy,
244,FI,Finland,,,35,Ukko Mobile,Ukkoverkot Oy,
244,FI,Finland,,,36,Sonera / DNA,TeliaSonera Finland Oyj / Suomen Yhteisverkko Oy,
244,FI,Finland,,,37,Tismi,Tismi BV,
244,FI,Finland,,,91,Sonera,TeliaSonera Finland Oyj,
244,FI,Finland,,,92,Sonera,TeliaSonera Finland Oyj,
208,FR,France,,,03,MobiquiThings,MobiquiThings,
208,FR,France,,,24,MobiquiThings,MobiquiThings,
208,FR,France,,,04,Sisteer,Societe dingenierie systeme telecom et reseaux,
208,FR,France,,,08,Completel Mobile,Completel,
208,FR,France,,,09,SFR,Altice,
208,FR,France,,,10,SFR,Altice,
208,FR,France,,,11,SFR,Altice,
208,FR,France,,,13,SFR,Altice,
208,FR,France,,,14,RFF,RFF,
208,FR,France,,,15,Free Mobile,Iliad,
208,FR,France,,,16,Free Mobile,Iliad,
208,FR,France,,,17,LEGOS,Local Exchange Global Operation Services,
208,FR,France,,,20,Bouygues,Bouygues Telecom,
208,FR,France,,,21,Bouygues,Bouygues Telecom,
208,FR,France,,,88,Bouygues,Bouygues Telecom,
208,FR,France,,,22,Transatel Mobile,Transatel,
208,FR,France,,,26,NRJ Mobile,Euro-Information Telecom SAS,
208,FR,France,,,92,Com4Innov,Association Plate-forme Télécom,
340,BL/GF/GP/MF/MQ,French Antilles (France),,,02,SFR Caraïbe,Outremer Telecom,
340,BL/GF/GP/MF/MQ,French Antilles (France),,,03,Chippie,UTS Caraïbe,
362,BQ/CW/SX,Former Netherlands Antilles (Kingdom of the Netherlands),,,59,Chippie,United Telecommunication Service N.V. (UTS),
362,BQ/CW/SX,Former Netherlands Antilles (Kingdom of the Netherlands),,,60,Chippie,United Telecommunication Service N.V. (UTS),
362,BQ/CW/SX,Former Netherlands Antilles (Kingdom of the Netherlands),,,91,Chippie,United Telecommunication Service N.V. (UTS),
356,KN,Saint Kitts and Nevis,,,070,Chippie,UTS,
340,BL/GF/GP/MF/MQ,French Antilles (France),,,08,Dauphin,Dauphin Telecom,
647,YT/RE,French Indian Ocean Territories (France),,,02,only,Telco OI,
647,YT/RE,French Indian Ocean Territories (France),,,10,SFR Réunion,Société Réunionnaise du Radiotéléphone,
547,PF,French Polynesia (France),,,05,Ora,VITI,
547,PF,French Polynesia (France),,,20,Vini,Tikiphone SA,
628,GA,Gabon,,,01,Libertis,Gabon Telecom & Libertis S.A.,
628,GA,Gabon,,,04,Azur,USAN Gabon S.A.,
628,GA,Gabon,,,05,RAG,Réseau de lAdministration Gabonaise,
607,GM,Gambia,,,01,Gamcel,Gamcel,
607,GM,Gambia,,,03,Comium,Comium,
619,SL,Sierra Leone,,,04,Comium,Comium (Sierra Leone) Ltd.,
607,GM,Gambia,,,04,QCell,QCell Gambia,
282,GE,Georgia,,,01,Geocell,Geocell Limited,
282,GE,Georgia,,,02,MagtiCom,Magticom GSM,
282,GE,Georgia,,,03,MagtiCom,Magtifix,
282,GE,Georgia,,,05,Silknet,JSC Silknet,
282,GE,Georgia,,,07,GlobalCell,GlobalCell Ltd,
282,GE,Georgia,,,08,Silk LTE,JSC Silknet,
262,DE,Germany,,,01,Telekom,Telekom Deutschland GmbH,
262,DE,Germany,,,06,Telekom,Telekom Deutschland GmbH,
262,DE,Germany,,,78,Telekom,Telekom Deutschland GmbH,
226,RO,Romania,,,03,Telekom,Telekom Romania,
231,SK,Slovakia,,,02,Telekom,Slovak Telekom,
231,SK,Slovakia,,,04,Telekom,Slovak Telekom,
262,DE,Germany,,,03,E-Plus,E-Plus Mobilfunk,
262,DE,Germany,,,05,E-Plus,E-Plus Mobilfunk,
262,DE,Germany,,,17,E-Plus,E-Plus Mobilfunk,
262,DE,Germany,,,77,E-Plus,E-Plus Mobilfunk,
262,DE,Germany,,,12,Dolphin Telecom,sipgate GmbH,
262,DE,Germany,,,15,Airdata,NULL,
262,DE,Germany,,,20,OnePhone,E-Plus Mobilfunk,
262,DE,Germany,,,33,simquadrat,sipgate GmbH,
262,DE,Germany,,,42,CCC Event,Chaos Computer Club,
262,DE,Germany,,,901,Debitel,NULL,
620,GH,Ghana,,,04,Expresso,Kasapa / Hutchison Telecom,
608,SN,Senegal,,,03,Expresso,Sudatel,
620,GH,Ghana,,,07,Globacom,Globacom Group,
620,GH,Ghana,,,08,Surfline,Surfline Communications Ltd,
620,GH,Ghana,,,10,Blu,Blu Telecommunications,
222,IT,Italy,,,98,BLU,BLU S.p.A.,
266,GI,Gibraltar (United Kingdom),,,01,GibTel,Gibtelecom,
266,GI,Gibraltar (United Kingdom),,,06,CTS Mobile,CTS Gibraltar,
266,GI,Gibraltar (United Kingdom),,,09,Shine,Eazitelecom,
202,GR,Greece,,,01,Cosmote,COSMOTE - Mobile Telecommunications S.A.,
202,GR,Greece,,,02,Cosmote,COSMOTE - Mobile Telecommunications S.A.,
202,GR,Greece,,,14,Cyta Hellas,CYTA,
290,GL,Greenland (Kingdom of Denmark),,,02,Nuuk TV,inu:it a/s,
310,GU,Guam (United States of America),,,032,IT&E Wireless,IT&E Overseas,
310,MP,Northern Mariana Islands (United States of America),,,110,IT&E Wireless,PTI Pacifica Inc.,
310,US,United States of America,,,032,IT&E Wireless,IT&E Overseas,
310,US,United States of America,,,110,IT&E Wireless,PTI Pacifica Inc.,
310,GU,Guam (United States of America),,,140,GTA Wireless,Teleguam Holdings,
310,US,United States of America,,,140,GTA Wireless,Teleguam Holdings,
310,GU,Guam (United States of America),,,370,Docomo,NTT Docomo Pacific,
310,MP,Northern Mariana Islands (United States of America),,,370,Docomo,NTT Docomo Pacific,
310,US,United States of America,,,370,Docomo,NTT Docomo Pacific,
310,GU,Guam (United States of America),,,400,iConnect,Wave Runner LLC,
310,GU,Guam (United States of America),,,480,iConnect,Wave Runner LLC,
311,GU,Guam (United States of America),,,120,iConnect,Wave Runner LLC,
311,GU,Guam (United States of America),,,250,iConnect,Wave Runner LLC,
310,US,United States of America,,,400,iConnect,Wave Runner LLC,
311,US,United States of America,,,120,iConnect,Wave Runner LLC,
311,US,United States of America,,,250,iConnect,Wave Runner LLC,
234,GG,Guernsey (United Kingdom),,,03,Airtel-Vodafone,Guernsey Airtel Ltd,
234,JE,Jersey (United Kingdom),,,03,Airtel-Vodafone,Jersey Airtel Limited,
234,GG,Guernsey (United Kingdom),,,50,JT,JT Group Limited,
234,JE,Jersey (United Kingdom),,,50,JT,JT Group Limited,
234,GB,United Kingdom,,,50,JT,JT Group Limited,
234,GG,Guernsey (United Kingdom),,,55,Sure Mobile,Sure (Guernsey) Limited,
234,IM,Isle of Man (United Kingdom),,,36,Sure Mobile,Sure Isle of Man Ltd.,
234,JE,Jersey (United Kingdom),,,55,Sure Mobile,Sure (Jersey) Limited,
611,GN,Guinea,,,02,Sotelgui,Sotelgui Lagui,
611,GN,Guinea,,,03,Telecel Guinee,INTERCEL Guinée,
611,GN,Guinea,,,05,Cellcom,Cellcom,
425,IL,Israel,,,02,Cellcom,Cellcom Israel Ltd.,
618,LR,Liberia,,,07,Cellcom,Cellcom Telecommunications,
310,US,United States of America,,,510,Cellcom,Nsighttel Wireless LLC,
310,US,United States of America,,,600,Cellcom,New-Cell Inc.,
310,US,United States of America,,,620,Cellcom,Nsighttel Wireless LLC,
311,US,United States of America,,,840,Cellcom,Nsight Spectrum LLC,
311,US,United States of America,,,850,Cellcom,Nsight Spectrum LLC,
632,GW,Guinea-Bissau,,,01,Guinetel,Guinétel S.A.,
632,GW,Guinea-Bissau,,,07,Guinetel,Guinétel S.A.,
632,GW,Guinea-Bissau,,,02,MTN Areeba,Spacetel Guiné-Bissau S.A.,
738,GY,Guyana,,,02,GT&T Cellink Plus,Guyana Telephone & Telegraph Co.,
372,HT,Haiti,,,01,Voila,Communication Cellulaire dHaiti S.A.,
372,HT,Haiti,,,03,Natcom,NATCOM S.A.,
708,HN,Honduras,,,030,Hondutel,Empresa Hondureña de Telecomunicaciones,
454,HK,Hong Kong,,,00,1O1O / One2Free / New World Mobility / SUNMobile,CSL Limited,
454,HK,Hong Kong,,,04,3 (2G),Hutchison Telecom,
454,HK,Hong Kong,,,05,3 (CDMA),Hutchison Telecom,
454,HK,Hong Kong,,,06,SmarTone,SmarTone Mobile Communications Limited,
455,MO,Macau (Peoples Republic of China),,,00,SmarTone,Smartone – Comunicações Móveis,
455,MO,Macau (Peoples Republic of China),,,06,SmarTone,Smartone – Comunicações Móveis,
454,HK,Hong Kong,,,10,New World Mobility,CSL Limited,
454,HK,Hong Kong,,,12,CMCC HK,China Mobile Hong Kong Company Limited,
454,HK,Hong Kong,,,13,CMCC HK,China Mobile Hong Kong Company Limited,
454,HK,Hong Kong,,,16,PCCW Mobile (2G),PCCW-HKT,
454,HK,Hong Kong,,,19,PCCW Mobile (3G/4G),PCCW-HKT,
454,HK,Hong Kong,,,29,PCCW Mobile (CDMA),PCCW-HKT,
216,HU,Hungary,,,01,Telenor Hungary,Telenor Magyarország Zrt.,
216,HU,Hungary,,,03,DIGI,DIGI Telecommunication Ltd.,
216,HU,Hungary,,,99,MAV GSM-R,Magyar Államvasutak,
274,IS,Iceland,,,01,Síminn,Iceland Telecom,
274,IS,Iceland,,,04,Viking,IMC Island ehf,
274,IS,Iceland,,,07,IceCell,IceCell ehf,
274,IS,Iceland,,,08,On-waves,Iceland Telecom,
274,IS,Iceland,,,11,Nova,Nova ehf,
274,IS,Iceland,,,12,Tal,IP fjarskipti,
404,IN,India,,,01,Vodafone India,Haryana,
404,IN,India,,,05,Vodafone India,Gujarat,
404,IN,India,,,11,Vodafone India,Delhi & NCR,
404,IN,India,,,13,Vodafone India,Andhra Pradesh and Telangana,
404,IN,India,,,15,Vodafone India,Uttar Pradesh (East),
404,IN,India,,,20,Vodafone India,Mumbai,
404,IN,India,,,27,Vodafone India,Maharashtra & Goa,
404,IN,India,,,30,Vodafone India,Kolkata,
404,IN,India,,,43,Vodafone India,Tamil Nadu,
404,IN,India,,,46,Vodafone India,Kerala,
404,IN,India,,,60,Vodafone India,Rajasthan,
404,IN,India,,,84,Vodafone India,Chennai,
404,IN,India,,,86,Vodafone India,Karnataka,
404,IN,India,,,88,Vodafone India,Vodafone Punjab,
405,IN,India,,,66,Vodafone India,Uttar Pradesh (West),
405,IN,India,,,67,Vodafone India,West Bengal,
405,IN,India,,,750,Vodafone India,Jammu & Kashmir,
405,IN,India,,,751,Vodafone India,Assam,
405,IN,India,,,752,Vodafone India,Bihar & Jharkhand,
405,IN,India,,,753,Vodafone India,Orissa,
405,IN,India,,,754,Vodafone India,Himachal Pradesh,
405,IN,India,,,755,Vodafone India,North East,
405,IN,India,,,756,Vodafone India,Madhya Pradesh & Chhattisgarh,
404,IN,India,,,04,IDEA,Delhi & NCR,
404,IN,India,,,07,IDEA,Andhra Pradesh and Telangana,
404,IN,India,,,12,IDEA,Haryana,
404,IN,India,,,14,IDEA,Punjab,
404,IN,India,,,19,IDEA,Kerala,
404,IN,India,,,22,IDEA,Maharashtra & Goa,
404,IN,India,,,24,IDEA,Gujarat,
404,IN,India,,,44,IDEA,Karnataka,
404,IN,India,,,56,IDEA,Uttar Pradesh (West),
404,IN,India,,,78,IDEA,Madhya Pradesh & Chattishgarh,
404,IN,India,,,82,IDEA,Himachal Pradesh,
404,IN,India,,,87,IDEA,Rajasthan,
404,IN,India,,,89,IDEA,Uttar Pradesh (East),
405,IN,India,,,70,IDEA,Bihar & Jharkhand,
405,IN,India,,,799,IDEA,Mumbai,
405,IN,India,,,845,IDEA,Assam,
405,IN,India,,,846,IDEA,Jammu & Kashmir,
405,IN,India,,,847,IDEA,Karnataka,
405,IN,India,,,848,IDEA,Kolkata,
405,IN,India,,,849,IDEA,North East,
405,IN,India,,,850,IDEA,Orissa,
405,IN,India,,,851,IDEA,Punjab,
405,IN,India,,,852,IDEA,Tamil Nadu,
405,IN,India,,,853,IDEA,West Bengal,
405,IN,India,,,908,IDEA,Andhra Pradesh and Telangana,
405,IN,India,,,909,IDEA,Delhi,
405,IN,India,,,910,IDEA,Haryana,
405,IN,India,,,911,IDEA,Maharashtra,
404,IN,India,,,09,Reliance,Assam,
404,IN,India,,,18,Reliance,Himachal Pradesh,
404,IN,India,,,36,Reliance,Bihar & Jharkhand,
404,IN,India,,,50,Reliance,North East,
404,IN,India,,,52,Reliance,Orissa,
404,IN,India,,,67,Reliance,Madhya Pradesh & Chhattisgarh,
404,IN,India,,,83,Reliance,Kolkata,
404,IN,India,,,85,Reliance,West Bengal,
405,IN,India,,,01,Reliance,Andhra Pradesh and Telangana,
405,IN,India,,,03,Reliance,Bihar,
405,IN,India,,,04,Reliance,Chennai,
405,IN,India,,,05,Reliance,Delhi & NCR,
405,IN,India,,,06,Reliance,Gujarat,
405,IN,India,,,07,Reliance,Haryana,
405,IN,India,,,08,Reliance,Himachal Pradesh,
405,IN,India,,,09,Reliance,Jammu & Kashmir,
405,IN,India,,,10,Reliance,Karnataka,
405,IN,India,,,11,Reliance,Kerala,
405,IN,India,,,12,Reliance,Kolkata,
405,IN,India,,,13,Reliance,Maharashtra & Goa,
405,IN,India,,,14,Reliance,Madhya Pradesh,
405,IN,India,,,15,Reliance,Mumbai,
405,IN,India,,,17,Reliance,Orissa,
405,IN,India,,,18,Reliance,Punjab,
405,IN,India,,,19,Reliance,Rajasthan,
405,IN,India,,,20,Reliance,Tamil Nadu,
405,IN,India,,,21,Reliance,Uttar Pradesh (East),
405,IN,India,,,22,Reliance,Uttar Pradesh (West),
405,IN,India,,,23,Reliance,West Bengal,
404,IN,India,,,17,AIRCEL,West Bengal,
404,IN,India,,,25,AIRCEL,Bihar,
404,IN,India,,,28,AIRCEL,Orissa,
404,IN,India,,,29,AIRCEL,Assam,
404,IN,India,,,91,AIRCEL,Kolkata,
405,IN,India,,,800,AIRCEL,Delhi & NCR,
405,IN,India,,,801,AIRCEL,Andhra Pradesh and Telangana,
405,IN,India,,,802,AIRCEL,Gujarat,
405,IN,India,,,803,AIRCEL,Karnataka,
405,IN,India,,,804,AIRCEL,Maharashtra & Goa,
405,IN,India,,,805,AIRCEL,Mumbai,
405,IN,India,,,806,AIRCEL,Rajasthan,
405,IN,India,,,807,AIRCEL,Haryana,
405,IN,India,,,808,AIRCEL,Madhya Pradesh,
405,IN,India,,,809,AIRCEL,Kerala,
405,IN,India,,,810,AIRCEL,Uttar Pradesh (East),
405,IN,India,,,811,AIRCEL,Uttar Pradesh (West),
405,IN,India,,,812,AIRCEL,Punjab,
404,IN,India,,,21,Loop Mobile,Mumbai,
404,IN,India,,,37,Aircel,Jammu & Kashmir,
404,IN,India,,,41,Aircel,Chennai,
404,IN,India,,,42,Aircel,Tamil Nadu,
404,IN,India,,,48,Dishnet Wireless,Unknown,
404,IN,India,,,68,DOLPHIN,Delhi & NCR,
404,IN,India,,,69,DOLPHIN,Mumbai,
405,IN,India,,,025,TATA DOCOMO,Andhra Pradesh and Telangana,
405,IN,India,,,026,TATA DOCOMO,Assam,
405,IN,India,,,027,TATA DOCOMO,Bihar/Jharkhand,
405,IN,India,,,028,TATA DOCOMO,Chennai,
405,IN,India,,,029,TATA DOCOMO,Delhi,
405,IN,India,,,030,TATA DOCOMO,Gujarat,
405,IN,India,,,031,TATA DOCOMO,Haryana,
405,IN,India,,,032,TATA DOCOMO,Himachal Pradesh,
405,IN,India,,,033,TATA DOCOMO,Jammu & Kashmir,
405,IN,India,,,034,TATA DOCOMO,Karnataka,
405,IN,India,,,035,TATA DOCOMO,Kerala,
405,IN,India,,,036,TATA DOCOMO,Kolkata,
405,IN,India,,,037,TATA DOCOMO,Maharashtra & Goa,
405,IN,India,,,038,TATA DOCOMO,Madhya Pradesh,
405,IN,India,,,039,TATA DOCOMO,Mumbai,
405,IN,India,,,041,TATA DOCOMO,Orissa,
405,IN,India,,,042,TATA DOCOMO,Punjab,
405,IN,India,,,043,TATA DOCOMO,Rajasthan,
405,IN,India,,,044,TATA DOCOMO,Tamil Nadu including Chennai,
405,IN,India,,,045,TATA DOCOMO,Uttar Pradesh (E),
405,IN,India,,,046,TATA DOCOMO,Uttar Pradesh (W) & Uttarakhand,
405,IN,India,,,047,TATA DOCOMO,West Bengal,
405,IN,India,,,819,Uninor,Andhra Pradesh and Telangana,
405,IN,India,,,818,Uninor,Uttar Pradesh (West),
405,IN,India,,,820,Uninor,Karnataka,
405,IN,India,,,821,Uninor,Kerala,
405,IN,India,,,822,Uninor,Kolkata,
405,IN,India,,,844,Uninor,Delhi & NCR,
405,IN,India,,,875,Uninor,Assam,
405,IN,India,,,880,Uninor,West Bengal,
405,IN,India,,,927,Uninor,Gujarat,
405,IN,India,,,929,Uninor,Maharashtra,
405,IN,India,,,824,Videocon Datacom,Assam,
405,IN,India,,,827,Videocon Datacom,Gujarat,
405,IN,India,,,834,Videocon Datacom,Madhya Pradesh,
405,IN,India,,,840,Jio,West Bengal,
405,IN,India,,,854,Jio,Andhra Pradesh,
405,IN,India,,,855,Jio,Assam,
405,IN,India,,,856,Jio,Bihar,
405,IN,India,,,857,Jio,Gujarat,
405,IN,India,,,858,Jio,Haryana,
405,IN,India,,,859,Jio,Himachal Pradesh,
405,IN,India,,,860,Jio,Jammu Kashmir,
405,IN,India,,,861,Jio,Karnataka,
405,IN,India,,,862,Jio,Kerala,
405,IN,India,,,863,Jio,Madhyya Pradesh,
405,IN,India,,,864,Jio,Maharashtra,
405,IN,India,,,865,Jio,North East,
405,IN,India,,,866,Jio,Orissa,
405,IN,India,,,867,Jio,Punjab,
405,IN,India,,,868,Jio,Rajasthan,
405,IN,India,,,869,Jio,Tamil Nadu Chennai,
405,IN,India,,,870,Jio,Uttar Pradesh West,
405,IN,India,,,871,Jio,Uttar Pradesh East,
405,IN,India,,,872,Jio,Delhi,
405,IN,India,,,873,Jio,Kolkatta,
405,IN,India,,,874,Jio,Mumbai,
405,IN,India,,,881,S Tel,Assam,
405,IN,India,,,912,Etisalat DB(cheers),Andhra Pradesh and Telangana,
405,IN,India,,,913,Etisalat DB(cheers),Delhi & NCR,
405,IN,India,,,914,Etisalat DB(cheers),Gujarat,
405,IN,India,,,917,Etisalat DB(cheers),Kerala,
510,ID,Indonesia,,,00,PSN,PT Pasifik Satelit Nusantara (ACeS),
510,ID,Indonesia,,,01,Indosat Ooredoo,PT Indonesian Satellite Corporation Tbk (INDOSAT),
510,ID,Indonesia,,,03,StarOne,PT Indosat Tbk,
510,ID,Indonesia,,,07,TelkomFlexi,PT Telkom,
510,ID,Indonesia,,,08,AXIS,PT Natrindo Telepon Seluler,
510,ID,Indonesia,,,09,Smartfren,PT Smartfren Telecom,
510,ID,Indonesia,,,10,Telkomsel,PT Telekomunikasi Selular,
510,ID,Indonesia,,,11,XL,PT XL Axiata Tbk,
510,ID,Indonesia,,,20,TELKOMMobile,PT Telkom Indonesia Tbk,
510,ID,Indonesia,,,21,IM3,PT Indonesian Satellite Corporation Tbk (INDOSAT),
510,ID,Indonesia,,,27,Ceria,PT Sampoerna Telekomunikasi Indonesia,
510,ID,Indonesia,,,28,Fren/Hepi,PT Mobile-8 Telecom,
510,ID,Indonesia,,,88,BOLT! Super 4G,PT Internux,
510,ID,Indonesia,,,99,Esia,PT Bakrie Telecom,
432,IR,Iran,,,11,IR-MCI (Hamrah-e-Avval),Mobile Communications Company of Iran,
432,IR,Iran,,,12,Avacell,Dadeh Dostar asr Novin p.j.s. co & Information Technology Company of Iran,
432,IR,Iran,,,14,TKC,Telecommunication Kish Company,
432,IR,Iran,,,19,MTCE (Espadan),Mobile Telecommunications Company of Esfahan,
432,IR,Iran,,,20,Rightel,Social Security Investment Co.,
432,IR,Iran,,,32,Taliya,TCI of Iran and Iran Mobin,
432,IR,Iran,,,35,MTN Irancell,MTN Irancell Telecommunications Services Company,
432,IR,Iran,,,70,TCI,Telephone Communications Company of Iran,
432,IR,Iran,,,93,Iraphone,Iraphone,
418,IQ,Iraq,,,00,Asia Cell,Asia Cell Telecommunications Company,
418,IQ,Iraq,,,05,Asia Cell,Asia Cell Telecommunications Company,
418,IQ,Iraq,,,08,SanaTel,NULL,
418,IQ,Iraq,,,20,Zain,Zain Iraq,
418,IQ,Iraq,,,30,Zain,Zain Iraq,
659,SS,South Sudan,,,06,Zain,Zain South Sudan,
418,IQ,Iraq,,,40,Korek,Telecom Ltd,
418,IQ,Iraq,,,45,Mobitel,Mobitel Co. Ltd.,
619,SL,Sierra Leone,,,25,Mobitel,Mobitel,
293,SI,Slovenia,,,41,Mobitel,Telekom Slovenije,
413,LK,Sri Lanka,,,01,Mobitel,Mobitel (Pvt) Ltd,
418,IQ,Iraq,,,62,Itisaluna,Itisaluna Wireless CO.,
418,IQ,Iraq,,,92,Omnnea,Omnnea Wireless,
272,IE,Ireland,,,03,Meteor,Meteor Mobile Communications,
272,IE,Ireland,,,07,eMobile,Eircom Mobile,
272,IE,Ireland,,,11,Tesco Mobile,Liffey Telecom,
272,IE,Ireland,,,16,Carphone Warehouse,Carphone Warehouse,
234,IM,Isle of Man (United Kingdom),,,18,Cloud 9 Mobile,Cloud 9 Mobile Communications PLC,
234,IM,Isle of Man (United Kingdom),,,58,Pronto GSM,Manx Telecom,
425,IL,Israel,,,01,Partner,Partner Communications Company Ltd.,
425,IL,Israel,,,03,Pelephone,Pelephone Communications Ltd.,
425,IL,Israel,,,05,Jawwal,Palestine Cellular Communications Ltd.,
425,PS,Palestine,,,05,Jawwal,Palestine Cellular Communications,
425,IL,Israel,,,06,Wataniya Mobile,Wataniya Palestine Ltd. (Ooredoo),
425,IL,Israel,,,07,Hot Mobile,Hot Mobile Ltd.,
425,IL,Israel,,,08,Golan Telecom,Golan Telecom Ltd,
425,IL,Israel,,,14,Youphone,Alon Cellular Ltd.,
425,IL,Israel,,,15,Home Cellular,Home Cellular,
425,IL,Israel,,,16,Rami Levy,Rami Levy Communications Ltd.,
425,IL,Israel,,,17,Sipme,Gale Phone,
425,IL,Israel,,,18,Cellact Communications,Cellact Communications Ltd.,
425,IL,Israel,,,19,Telzar 019,Azi Communications Ltd.,
425,IL,Israel,,,20,Bezeq,Bezeq The Israeli Telecommunication Corp Ltd.,
425,IL,Israel,,,21,Bezeq International,B.I.P. Communications Ltd.,
425,IL,Israel,,,24,012 Telecom,Partner Communications Company Ltd.,
425,IL,Israel,,,25,IMOD,Israel Ministry of Defense,
222,IT,Italy,,,02,Elsacom,NULL,
222,IT,Italy,,,04,Intermatica,NULL,
222,IT,Italy,,,05,Telespazio,NULL,
222,IT,Italy,,,07,Nòverca,Nòverca Italia,
222,IT,Italy,,,08,Fastweb,Fastweb S.p.A.,
222,IT,Italy,,,30,RFI,Rete Ferroviaria Italiana,
222,IT,Italy,,,33,Poste Mobile,Poste Mobile S.p.A.,
222,IT,Italy,,,34,BT Italia,British Telecom Italia,
222,IT,Italy,,,36,Digi Mobil,Digi Italy S.r.l.,
222,IT,Italy,,,37,3 Italia,H3G S.p.A.,
222,IT,Italy,,,99,3 Italia,H3G S.p.A.,
222,IT,Italy,,,38,LINKEM,Linkem S.p.A.,
222,IT,Italy,,,39,SMS Italia,SMS Italia S.r.l.,
222,IT,Italy,,,77,IPSE 2000,NULL,
612,CI,Ivory Coast,,,04,KoZ,Comium Ivory Coast Inc,
612,CI,Ivory Coast,,,06,GreenN,Oricel,
612,CI,Ivory Coast,,,07,café,Aircomm,
338,JM,Jamaica,,,040,Caricel,Symbiote Investment Limited,
440,JP,Japan,,,00,Y!Mobile,SoftBank Corp.,
440,JP,Japan,,,01,UQ WiMAX,UQ Communications Inc.,
441,JP,Japan,,,10,UQ WiMAX,UQ Communications Inc.,
440,JP,Japan,,,03,IIJmio,Internet Initiative Japan Inc.,
440,JP,Japan,,,10,NTT docomo,NTT DoCoMo,
440,JP,Japan,,,20,SoftBank,SoftBank Corp.,
440,JP,Japan,,,21,SoftBank,SoftBank Corp.,
441,JP,Japan,,,01,SoftBank,SoftBank Corp.,
440,JP,Japan,,,50,au,KDDI Corporation,
440,JP,Japan,,,51,au,KDDI Corporation,
440,JP,Japan,,,52,au,KDDI Corporation,
440,JP,Japan,,,53,au,KDDI Corporation,
440,JP,Japan,,,54,au,KDDI Corporation,
440,JP,Japan,,,70,au,KDDI Corporation,
440,JP,Japan,,,71,au,KDDI Corporation,
440,JP,Japan,,,72,au,KDDI Corporation,
440,JP,Japan,,,73,au,KDDI Corporation,
440,JP,Japan,,,74,au,KDDI Corporation,
440,JP,Japan,,,75,au,KDDI Corporation,
440,JP,Japan,,,76,au,KDDI Corporation,
440,JP,Japan,,,78,au,Okinawa Cellular Telephone,
416,JO,Jordan,,,01,zain JO,Jordan Mobile Telephone Services,
416,JO,Jordan,,,02,XPress Telecom,XPress Telecom,
416,JO,Jordan,,,03,Umniah,Umniah Mobile Company,
401,KZ,Kazakhstan,,,02,Kcell,Kcell JSC,
401,KZ,Kazakhstan,,,07,Altel,Altel,
502,MY,Malaysia,,,156,Altel,Altel Communications Sdn Bhd,
401,KZ,Kazakhstan,,,08,Kazakhtelecom,NULL,
401,KZ,Kazakhstan,,,77,Tele2.kz,MTS,
639,KE,Kenya,,,02,Safaricom,Safaricom Limited,
639,KE,Kenya,,,05,yu,Essar Telecom Kenya,
639,KE,Kenya,,,07,Orange Kenya,Telkom Kenya,
545,KI,Kiribati,,,01,Kiribati - TSKL,Telecom Services Kiribati Ltd,
545,KI,Kiribati,,,09,Kiribati - Frigate Net,Telecom Services Kiribati Ltd,
467,KP,North Korea,,,05,Koryolink,Cheo Technology Jv Company,
467,KP,North Korea,,,06,Koryolink,Cheo Technology Jv Company,
467,KP,North Korea,,,193,SunNet,Korea Posts and Telecommunications Corporation,
450,KR,South Korea,,,02,KT,KT,
450,KR,South Korea,,,04,KT,KT,
450,KR,South Korea,,,03,Power 017,Shinsegi Telecom,
450,KR,South Korea,,,05,SKTelecom,SK Telecom,
450,KR,South Korea,,,06,LG U+,LG Telecom,
450,KR,South Korea,,,08,olleh,KT,
635,RW,Rwanda,,,17,Olleh,Olleh Rwanda Networks,
212,XK,Kosovo,,,01,Vala,PTK - Directory of Post of Kosovo,
212,XK,Kosovo,,,01,Z Mobile,Dardaphone,
293,XK,Kosovo,,,41,IPKO,IPKO,
293,XK,Kosovo,,,41,D3 Mobile,Dukagjini,
419,KW,Kuwait,,,02,zain KW,Zain Kuwait,
419,KW,Kuwait,,,03,K.S.C Ooredoo,National Mobile Telecommunications,
437,KG,Kyrgyzstan,,,05,MegaCom,Alfa Telecom CJSC,
437,KG,Kyrgyzstan,,,09,O!,NurTelecom LLC,
457,LA,Laos,,,01,LaoTel,Lao Telecom,
457,LA,Laos,,,02,ETL,Enterprise of Telecommunications Lao,
457,LA,Laos,,,03,Unitel,Star Telecom Co.,
428,MN,Mongolia,,,88,Unitel,Unitel LLC,
247,LV,Latvia,,,01,LMT,Latvian Mobile Telephone,
247,LV,Latvia,,,03,TRIATEL,Telekom Baltija,
247,LV,Latvia,,,05,Bite,Bite Latvija,
247,LV,Latvia,,,08,IZZI,IZZI,
247,LV,Latvia,,,09,Camel Mobile,Camel Mobile,
415,LB,Lebanon,,,01,Alfa,MIC 1,
415,LB,Lebanon,,,03,touch,MIC 2,
415,LB,Lebanon,,,05,Ogero Mobile,Ogero Telecom,
651,LS,Lesotho,,,02,Econet Telecom,Econet Ezi-cel,
618,LR,Liberia,,,01,Lonestar Cell,Lonestar Communications Corporation,
618,LR,Liberia,,,02,Libercell,Atlantic Wireless (Liberia) Inc.,
618,LR,Liberia,,,04,Novafone,Novafone Inc.,
618,LR,Liberia,,,20,LIBTELCO,Liberia Telecommunications Corporation,
606,LY,Libya,,,00,Libyana,Libyana,
606,LY,Libya,,,01,Madar,Al-Madar Al-Jadeed,
606,LY,Libya,,,02,Al-Jeel Phone,Al-Jeel Al-Jadeed,
606,LY,Libya,,,03,Libya Phone,Libya Telecom and Technology (LTT),
606,LY,Libya,,,06,Hatef Libya,Hatef Libya,
295,LI,Liechtenstein,,,01,Swisscom,Swisscom Schweiz AG,
228,CH,Switzerland,,,01,Swisscom,Swisscom Ltd,
295,LI,Liechtenstein,,,02,7acht,Salt Liechtenstein AG,
295,LI,Liechtenstein,,,05,FL1,Telecom Liechtenstein AG,
295,LI,Liechtenstein,,,06,Cubic Telecom,Cubic Telecom AG,
295,LI,Liechtenstein,,,77,Alpmobil,Alpcom AG,
246,LT,Lithuania,,,01,Omnitel,NULL,
246,LT,Lithuania,,,02,BITĖ,UAB Bitė Lietuva,
246,LT,Lithuania,,,05,LitRail,Lietuvos geležinkeliai (Lithuanian Railways),
246,LT,Lithuania,,,06,Mediafon,UAB Mediafon,
246,LT,Lithuania,,,08,MEZON,Lietuvos radijo ir televizijos centras,
270,LU,Luxembourg,,,01,POST,POST Luxembourg,
270,LU,Luxembourg,,,77,Tango,Tango SA,
455,MO,Macau (Peoples Republic of China),,,01,CTM,Companhia de Telecomunicações de Macau,
455,MO,Macau (Peoples Republic of China),,,04,CTM,Companhia de Telecomunicações de Macau,
294,MK,Macedonia,,,01,Telekom.mk,Makedonski Telekom,
294,MK,Macedonia,,,02,ONE,One,
294,MK,Macedonia,,,03,Vip MK,VIP Operator,
646,MG,Madagascar,,,03,Sacel,Sacel Madagascar S.A.,
646,MG,Madagascar,,,04,Telma,Telma Mobile S.A.,
650,MW,Malawi,,,01,TNM,Telecom Network Malawi,
650,MW,Malawi,,,02,Access,Access Communications Ltd,
502,MY,Malaysia,,,01,ATUR 450,Telekom Malaysia Bhd,
502,MY,Malaysia,,,11,TM Homeline,Telekom Malaysia Bhd,
502,MY,Malaysia,,,12,Maxis,Maxis Mobile Services SDN Berhad,
502,MY,Malaysia,,,13,Celcom,Celcom Axiata Berhad,
502,MY,Malaysia,,,19,Celcom,Celcom Axiata Berhad,
502,MY,Malaysia,,,150,Tune Talk,Tune Talk Sdn Bhd,
502,MY,Malaysia,,,152,Yes,YTL Communications Sdn Bhd,
502,MY,Malaysia,,,153,Webe,Packet One Networks Sdn Bhd,
502,MY,Malaysia,,,154,Tron,Talk Focus Sdn Bhd,
502,MY,Malaysia,,,16,DiGi,DiGi Telecommunications,
502,MY,Malaysia,,,17,Hotlink,Maxis Prepaid,
502,MY,Malaysia,,,18,U Mobile,U Mobile Sdn Bhd,
472,MV,Maldives,,,01,Dhiraagu,Dhivehi Raajjeyge Gulhun,
610,ML,Mali,,,01,Malitel,Malitel SA,
278,MT,Malta,,,21,GO,Mobile Communications Limited,
278,MT,Malta,,,30,GO,Mobile Communications Limited,
278,MT,Malta,,,77,Melita,Melita,
609,MR,Mauritania,,,01,Mattel,Mattel,
609,MR,Mauritania,,,02,Chinguitel,Chinguitel,
609,MR,Mauritania,,,10,Mauritel,Mauritel Mobiles,
617,MU,Mauritius,,,02,MOKOZE / AZU,Mahanagar Telephone Mauritius Limited (MTML),
617,MU,Mauritius,,,03,CHILI,Mahanagar Telephone Mauritius Limited (MTML),
617,MU,Mauritius,,,10,Emtel,Emtel Ltd.,
334,MX,Mexico,,,010,AT&T,AT&T Mexico,
334,MX,Mexico,,,050,AT&T,AT&T Mexico,
334,MX,Mexico,,,090,AT&T,AT&T Mexico,
310,US,United States of America,,,016,AT&T,AT&T Mobility,
310,US,United States of America,,,030,AT&T,AT&T Mobility,
310,US,United States of America,,,070,AT&T,AT&T Mobility,
310,US,United States of America,,,080,AT&T,AT&T Mobility,
310,US,United States of America,,,090,AT&T,AT&T Mobility,
310,US,United States of America,,,150,AT&T,AT&T Mobility,
310,US,United States of America,,,170,AT&T,AT&T Mobility,
310,US,United States of America,,,280,AT&T,AT&T Mobility,
310,US,United States of America,,,380,AT&T,AT&T Mobility,
310,US,United States of America,,,410,AT&T,AT&T Mobility,
310,US,United States of America,,,560,AT&T,AT&T Mobility,
310,US,United States of America,,,670,AT&T,AT&T Mobility,
310,US,United States of America,,,680,AT&T,AT&T Mobility,
310,US,United States of America,,,950,AT&T,AT&T Mobility,
311,US,United States of America,,,070,AT&T,AT&T Mobility,
311,US,United States of America,,,090,AT&T,AT&T Mobility,
311,US,United States of America,,,180,AT&T,AT&T Mobility,
311,US,United States of America,,,190,AT&T,AT&T Mobility,
312,US,United States of America,,,090,AT&T,AT&T Mobility,
312,US,United States of America,,,670,AT&T,AT&T Mobility,
312,US,United States of America,,,680,AT&T,AT&T Mobility,
313,US,United States of America,,,210,AT&T,AT&T Mobility,
334,MX,Mexico,,,020,Telcel,América Móvil,
334,MX,Mexico,,,040,Unefon,AT&T Mexico,
259,MD,Moldova,,,02,Moldcell,NULL,
259,MD,Moldova,,,03,IDC,Interdnestrcom,
259,MD,Moldova,,,03,Unité,Moldtelecom,
259,MD,Moldova,,,05,Unité,Moldtelecom,
259,MD,Moldova,,,99,Unité,Moldtelecom,
259,MD,Moldova,,,04,Eventis,Eventis Telecom,
212,MC,Monaco,,,01,Office des Telephones,Monaco Telecom,
428,MN,Mongolia,,,91,Skytel,Skytel LLC,
428,MN,Mongolia,,,98,G-Mobile,G-Mobile LLC,
428,MN,Mongolia,,,99,Mobicom,Mobicom Corporation,
297,ME,Montenegro,,,03,m:tel CG,MTEL CG,
604,MA,Morocco,,,00,Orange Morocco,Medi Telecom,
604,MA,Morocco,,,01,IAM,Ittissalat Al Maghrib (Maroc Telecom),
604,MA,Morocco,,,02,Wana Corporate,Wan Mobile (Wana),
604,MA,Morocco,,,05,INWI (Telecommunications),WANA - Groupe ONA,
643,MZ,Mozambique,,,01,mCel,Mocambique Celular S.A.,
643,MZ,Mozambique,,,03,Movitel,Movitel,
414,MM,Myanmar,,,01,MPT,Myanmar Posts and Telecommunications,
414,MM,Myanmar,,,03,CDMA800,Myanmar Economic Corporation,
649,NA,Namibia,,,01,MTC,MTC Namibia,
649,NA,Namibia,,,02,switch,Telecom Namibia,
649,NA,Namibia,,,03,TN Mobile,Telecom Namibia,
429,NP,Nepal,,,01,Namaste / NT Mobile / Sky Phone,Nepal Telecom (NDCL),
429,NP,Nepal,,,02,Ncell,Ncell Pvt. Ltd.,
429,NP,Nepal,,,03,UTL,United Telecom Limited,
429,NP,Nepal,,,04,SmartCell,Smart Telecom Pvt. Ltd. (STPL),
204,NL,Netherlands (Kingdom of the Netherlands),,,03,Voiceworks,Voiceworks B.V.,
204,NL,Netherlands (Kingdom of the Netherlands),,,08,KPN,KPN Mobile The Netherlands B.V.,
204,NL,Netherlands (Kingdom of the Netherlands),,,10,KPN,KPN B.V.,
204,NL,Netherlands (Kingdom of the Netherlands),,,12,Telfort,KPN Mobile The Netherlands B.V.,
204,NL,Netherlands (Kingdom of the Netherlands),,,15,Ziggo,Ziggo B.V.,
204,NL,Netherlands (Kingdom of the Netherlands),,,16,T-Mobile (BEN),T-Mobile Netherlands B.V,
204,NL,Netherlands (Kingdom of the Netherlands),,,17,Intercity Zakelijk,Intercity Mobile Communications B.V.,
362,BQ/CW/SX,Former Netherlands Antilles (Kingdom of the Netherlands),,,51,Telcell,Telcell N.V.,
362,BQ/CW/SX,Former Netherlands Antilles (Kingdom of the Netherlands),,,54,ECC,East Caribbean Cellular,
362,BQ/CW/SX,Former Netherlands Antilles (Kingdom of the Netherlands),,,78,Telbo,Telefonia Bonairiano N.V.,
362,BQ/CW/SX,Former Netherlands Antilles (Kingdom of the Netherlands),,,94,Bayòs,Bòbò Frus N.V.,
362,BQ/CW/SX,Former Netherlands Antilles (Kingdom of the Netherlands),,,95,MIO,E.O.C.G. Wireless,
530,NZ,New Zealand,,,00,Telecom,Telecom New Zealand,
530,NZ,New Zealand,,,02,Telecom,Telecom New Zealand,
530,NZ,New Zealand,,,03,Woosh,Woosh Wireless,
530,NZ,New Zealand,,,05,Spark,Spark New Zealand,
530,NZ,New Zealand,,,06,Skinny,Spark New Zealand,
530,NZ,New Zealand,,,24,2degrees,2degrees,
614,NE,Niger,,,01,SahelCom,La Société Sahélienne de Télécommunications (SahelCom),
621,NG,Nigeria,,,22,InterC,InterC Network Ltd.,
621,NG,Nigeria,,,25,Visafone,Visafone Communications Ltd.,
621,NG,Nigeria,,,27,Smile,Smile Communications Nigeria,
641,UG,Uganda,,,33,Smile,Smile Communications Uganda Limited,
621,NG,Nigeria,,,40,Ntel,Nigerian Mobile Telecommunications Limited,
555,NU,Niue,,,01,Telecom Niue,Telecom Niue,
505,NF,Norfolk Island,,,10,Norfolk Telecom,Norfolk Telecom,
242,NO,Norway,,,06,ICE,ICE Norge AS,
242,NO,Norway,,,14,ICE,ICE Communication Norge AS,
242,NO,Norway,,,07,Phonero,Phonero AS,
242,NO,Norway,,,09,Com4,Com4 AS,
240,SE,Sweden,,,09,Com4,Communication for Devices in Sweden AB,
242,NO,Norway,,,11,SystemNet,SystemNet AS,
422,OM,Oman,,,02,Omantel,Oman Telecommunications Company,
422,OM,Oman,,,04,Omantel,Oman Telecommunications Company,
410,PK,Pakistan,,,01,Mobilink,Mobilink-PMCL,
410,PK,Pakistan,,,02,PTCL,PTCL,
410,PK,Pakistan,,,03,Ufone,Pakistan Telecommunication Mobile Ltd,
410,PK,Pakistan,,,04,Zong,China Mobile,
410,PK,Pakistan,,,05,SCO Mobile,SCO Mobile Ltd,
410,PK,Pakistan,,,08,SCO Mobile,SCO Mobile Ltd,
410,PK,Pakistan,,,07,Warid Pakistan,WaridTel,
552,PW,Palau,,,01,PNCC,Palau National Communications Corp.,
552,PW,Palau,,,80,Palau Mobile,Palau Mobile Corporation,
425,PS,Palestine,,,06,Wataniya,Wataniya Palestine Mobile Telecommunications Company,
714,PA,Panama,,,01,Cable & Wireless,Cable & Wireless Panama S.A.,
633,SC,Seychelles,,,01,Cable & Wireless,Cable & Wireless Seychelles,
537,PG,Papua New Guinea,,,01,bmobile,Bemobile Limited,
374,TT,Trinidad and Tobago,,,12,bmobile,TSTT,
537,PG,Papua New Guinea,,,02,citifon,Telikom PNG Ltd.,
744,PY,Paraguay,,,01,VOX,Hola Paraguay S.A,
744,PY,Paraguay,,,02,Claro/Hutchison,AMX Paraguay S.A.,
744,PY,Paraguay,,,06,Copaco,Copaco S.A.,
716,PE,Peru,,,15,Bitel,Viettel Peru S.A.C.,
515,PH,Philippines,,,01,Islacom,Globe Telecom via Innove Communications,
515,PH,Philippines,,,02,Globe,Globe Telecom,
515,PH,Philippines,,,05,Sun Cellular,Digital Telecommunications Philippines,
515,PH,Philippines,,,18,Cure,PLDT via Smarts Connectivity Unlimited Resources Enterprise,
515,PH,Philippines,,,24,ABS-CBN Mobile,ABS-CBN Convergence with Globe Telecom,
260,PL,Poland,,,01,Plus,Polkomtel Sp. z o.o.,
260,PL,Poland,,,04,Aero2,Aero 2 Sp. z o.o.,
260,PL,Poland,,,15,Aero2,Aero 2 Sp. z o.o.,
260,PL,Poland,,,17,Aero2,Aero 2 Sp. z o.o.,
260,PL,Poland,,,06,Play,P4 Sp. z o.o.,
260,PL,Poland,,,98,Play,P4 Sp. z o.o.,
260,PL,Poland,,,07,Netia,Netia S.A.,
260,PL,Poland,,,10,Sferia,Sferia S.A.,
260,PL,Poland,,,13,Sferia,Sferia S.A.,
260,PL,Poland,,,14,Sferia,Sferia S.A.,
260,PL,Poland,,,11,Nordisk Polska,Nordisk Polska Sp. z o.o.,
260,PL,Poland,,,12,Cyfrowy Polsat,Cyfrowy Polsat S.A.,
260,PL,Poland,,,16,Mobyland,Mobyland Sp. z o.o.,
260,PL,Poland,,,18,AMD Telecom,AMD Telecom S.A.,
260,PL,Poland,,,19,Teleena,Teleena Holding BV,
260,PL,Poland,,,20,Mobile.Net,Mobile.Net Sp. z o.o.,
260,PL,Poland,,,21,Exteri,Exteri Sp. z o.o.,
260,PL,Poland,,,22,Arcomm,Arcomm Sp. z o.o.,
260,PL,Poland,,,23,Amicomm,Amicomm Sp. z o.o.,
260,PL,Poland,,,24,WideNet,WideNet Sp. z o.o.,
260,PL,Poland,,,25,BS&T,Best Solutions & Technology Experience Sp. z o.o.,
260,PL,Poland,,,26,ATE,Advanced Technology & Experience Sp. z o.o.,
260,PL,Poland,,,27,Intertelcom,Intertelcom Sp. z o.o.,
260,PL,Poland,,,28,PhoneNet,PhoneNet Sp. z o.o.,
260,PL,Poland,,,29,Interfonica,Interfonica Sp. z o.o.,
260,PL,Poland,,,30,GrandTel,GrandTel Sp. z o.o.,
260,PL,Poland,,,31,Phone IT,Phone IT Sp. z o.o.,
260,PL,Poland,,,34,NetWorkS!,T-Mobile Polska S.A.,
268,PT,Portugal,,,02,MEO,Telecomunicações Móveis Nacionais,
268,PT,Portugal,,,06,MEO,Telecomunicações Móveis Nacionais,
268,PT,Portugal,,,80,MEO,Telecomunicações Móveis Nacionais,
268,PT,Portugal,,,03,NOS,NOS Comunicações,
268,PT,Portugal,,,21,Zapp,Zapp Portugal,
330,PR,Puerto Rico,,,000,Open Mobile,PR Wireless,
330,PR,Puerto Rico,,,120,Open Mobile,PR Wireless,
330,PR,Puerto Rico,,,110,Claro Puerto Rico,América Móvil,
427,QA,Qatar,,,05,Ministry of Interior,Ministry of Interior,
427,QA,Qatar,,,06,Ministry of Interior,Ministry of Interior,
226,RO,Romania,,,02,Clicknet Mobile,Telekom Romania,
226,RO,Romania,,,04,Cosmote/Zapp,Telekom Romania,
226,RO,Romania,,,05,Digi.Mobil,RCS&RDS,
226,RO,Romania,,,06,Telekom/Zapp,Telekom Romania,
226,RO,Romania,,,15,Idilis,Idilis,
250,RU,Russian Federation,,,02,MegaFon,MegaFon PJSC,
250,RU,Russian Federation,,,14,MegaFon,MegaFon OJSC,
436,TJ,Tajikistan,,,03,MegaFon,TT Mobile,
250,RU,Russian Federation,,,03,NCC,Nizhegorodskaya Cellular Communications,
250,RU,Russian Federation,,,04,Sibchallenge,Sibchallenge,
250,RU,Russian Federation,,,05,ETK,Yeniseytelecom,
250,RU,Russian Federation,,,06,Skylink,CJSC Saratov System of Cellular Communications,
250,RU,Russian Federation,,,09,Skylink,Khabarovsky Cellular Phone,
250,RU,Russian Federation,,,07,SMARTS,Zao SMARTS,
250,RU,Russian Federation,,,15,SMARTS,SMARTS Ufa,
250,RU,Russian Federation,,,10,DTC,Dontelekom,
250,RU,Russian Federation,,,11,Yota,Scartel,
250,RU,Russian Federation,,,12,Baykalwestcom,Baykal Westcom / New Telephone Company / Far Eastern Cellular,
250,RU,Russian Federation,,,12,Akos,NULL,
250,RU,Russian Federation,,,13,KUGSM,Kuban GSM,
250,RU,Russian Federation,,,16,NTC,New Telephone Company,
250,RU,Russian Federation,,,17,Utel,JSC Uralsvyazinform,
250,RU,Russian Federation,,,18,Osnova Telecom,NULL,
250,RU,Russian Federation,,,19,INDIGO,INDIGO,
250,RU,Russian Federation,,,23,Mobicom - Novosibirsk,Mobicom - Novosibirsk,
250,RU,Russian Federation,,,32,Win Mobile,K-Telecom,
250,RU,Russian Federation,,,33,Sevmobile,Sevtelekom,
250,RU,Russian Federation,,,34,Krymtelekom,Krymtelekom,
250,RU,Russian Federation,,,35,MOTIV,EKATERINBURG-2000,
250,RU,Russian Federation,,,38,Tambov GSM,Central Telecommunication Company,
250,RU,Russian Federation,,,39,Rostelecom,ROSTELECOM,
250,RU,Russian Federation,,,54,TTK,Tattelecom,
250,RU,Russian Federation,,,60,Volna mobile,KTK Telecom,
250,RU,Russian Federation,,,91,Sonic Duo,Sonic Duo CJSC,
635,RW,Rwanda,,,11,Rwandatel,Rwandatel S.A.,
635,RW,Rwanda,,,12,Rwandatel,Rwandatel S.A.,
308,PM,Saint Pierre and Miquelon (France),,,01,Ameris,St. Pierre-et-Miquelon Télécom,
308,PM,Saint Pierre and Miquelon (France),,,02,GLOBALTEL,GLOBALTEL,
360,VC,Saint Vincent and the Grenadines,,,100,Cingular Wireless,NULL,
292,SM,San Marino,,,01,PRIMA,San Marino Telecom,
626,ST,Sao Tome and Principe,,,01,CSTmovel,Companhia Santomese de Telecomunicaçôe,
420,SA,Saudi Arabia,,,01,Al Jawal (STC ),Saudi Telecom Company,
420,SA,Saudi Arabia,,,03,Mobily,Etihad Etisalat Company,
420,SA,Saudi Arabia,,,04,Zain SA,Zain Saudi Arabia,
420,SA,Saudi Arabia,,,21,RGSM,Saudi Railways GSM,
220,RS,Serbia,,,03,mt:s,Telekom Srbija,
220,RS,Serbia,,,05,VIP,VIP Mobile,
633,SC,Seychelles,,,02,Mediatech,Mediatech International,
619,SL,Sierra Leone,,,06,SierraTel,Sierra Leone Telephony,
525,SG,Singapore,,,01,SingTel,Singapore Telecom,
525,SG,Singapore,,,07,SingTel,Singapore Telecom,
525,SG,Singapore,,,02,SingTel-G18,Singapore Telecom,
525,SG,Singapore,,,03,M1,M1 Limited,
525,SG,Singapore,,,05,StarHub,StarHub Mobile,
525,SG,Singapore,,,06,StarHub,StarHub Mobile,
525,SG,Singapore,,,08,StarHub,StarHub Mobile,
525,SG,Singapore,,,12,Grid,GRID Communications Pte Ltd.,
231,SK,Slovakia,,,03,Swan,Unient Communications,
231,SK,Slovakia,,,99,ŽSR,Železnice Slovenskej Republiky,
293,SI,Slovenia,,,40,Si.mobil,SI.MOBIL d.d.,
293,SI,Slovenia,,,64,T-2,T-2 d.o.o.,
293,SI,Slovenia,,,70,Telemach,Tušmobil d.o.o.,
540,SB,Solomon Islands,,,01,BREEZE,Solomon Telekom Co Ltd,
540,SB,Solomon Islands,,,02,BeMobile,BMobile (SI) Ltd,
637,SO,Somalia,,,01,Telesom,Telesom,
637,SO,Somalia,,,04,Somafone,Somafone FZLLC,
637,SO,Somalia,,,50,Hormuud,Hormuud Telecom Somalia Inc,
637,SO,Somalia,,,30,Golis,Golis Telecom Somalia,
637,SO,Somalia,,,67,Horntel Group,HTG Group Somalia,
637,SO,Somalia,,,71,Somtel,Somtel,
637,SO,Somalia,,,82,Telcom,Telcom Somalia,
655,ZA,South Africa,,,02,Telkom,Telkom SA Ltd,
655,ZA,South Africa,,,07,Cell C,Cell C (Pty) Ltd,
655,ZA,South Africa,,,13,Neotel,Neotel Pty Ltd,
655,ZA,South Africa,,,14,Neotel,Neotel Pty Ltd,
655,ZA,South Africa,,,19,iBurst,Wireless Business Solutions (Pty) Ltd,
655,ZA,South Africa,,,38,iBurst,Wireless Business Solutions (Pty) Ltd,
655,ZA,South Africa,,,73,iBurst,Wireless Business Solutions (Pty) Ltd,
655,ZA,South Africa,,,74,iBurst,Wireless Business Solutions (Pty) Ltd,
659,SS,South Sudan,,,03,Gemtel,Gemtel,
659,SS,South Sudan,,,04,Vivacell,Network of the World (NOW),
659,SS,South Sudan,,,07,Sudani,Sudani,
214,ES,Spain,,,04,Yoigo,Xfera Moviles SA,
214,ES,Spain,,,08,Euskaltel,NULL,
214,ES,Spain,,,15,BT,BT Group España Compañia de Servicios Globales de Telecomunicaciones S.A.U.,
234,GB,United Kingdom,,,00,BT,BT Group,
234,GB,United Kingdom,,,76,BT,BT Group,
235,GB,United Kingdom,,,77,BT,BT Group,
214,ES,Spain,,,16,TeleCable,Telecable de Asturias S.A.U.,
214,ES,Spain,,,17,Móbil R,R Cable y Telecomunicaciones Galicia S.A.,
214,ES,Spain,,,18,ONO,Cableuropa S.A.U.,
214,ES,Spain,,,19,Simyo,E-PLUS Moviles Virtuales España S.L.U.,
214,ES,Spain,,,20,Fonyou,Fonyou Telecom S.L.,
214,ES,Spain,,,21,Jazztel,Orange S.A.,
214,ES,Spain,,,22,DigiMobil,Best Spain Telecom,
214,ES,Spain,,,23,Barablu,Barablu Móvil España,
228,CH,Switzerland,,,52,Barablu,Barablu,
214,ES,Spain,,,24,Eroski,Eroski Móvil España,
214,ES,Spain,,,28,Murcia4G,Consorcio de Telecomunicaciones Avanzadas,
214,ES,Spain,,,32,Tuenti,Tuenti Technologies S.L.,
214,ES,Spain,,,51,ADIF,Administrador de Infraestructuras Ferroviarias,
413,LK,Sri Lanka,,,02,Dialog,Dialog Axiata PLC,
413,LK,Sri Lanka,,,04,Lanka Bell,Lanka Bell Ltd,
413,LK,Sri Lanka,,,08,Hutch,Hutchison Telecommunications Lanka (Pvt) Ltd,
634,SD,Sudan,,,01,Zain SD,Zain Group - Sudan,
634,SD,Sudan,,,05,canar,Canar Telecom,
634,SD,Sudan,,,07,Sudani One,Sudatel Group,
634,SD,Sudan,,,09,Privet Network,NEC,
746,SR,Suriname,,,02,Telesur,Telecommunications Company Suriname (Telesur),
746,SR,Suriname,,,05,Telesur,Telecommunications Company Suriname (Telesur),
653,SZ,Swaziland,,,10,Swazi MTN,Swazi MTN Limited,
240,SE,Sweden,,,03,Net 1,Netett Sverige AB,
240,SE,Sweden,,,04,SWEDEN,3G Infrastructure Services AB,
240,SE,Sweden,,,05,Sweden 3G,Svenska UMTS-Nät AB,
240,SE,Sweden,,,10,Spring Mobil,Tele2 Sverige AB,
240,SE,Sweden,,,17,Gotanet,Götalandsnätet AB,
240,SE,Sweden,,,21,MobiSir,Trafikverket ICT,
240,SE,Sweden,,,24,Sweden 2G,Net4Mobility HB,
228,CH,Switzerland,,,02,Sunrise,Sunrise Communications AG,
228,CH,Switzerland,,,12,Sunrise,Sunrise Communications AG,
228,CH,Switzerland,,,60,Sunrise,Sunrise Communications AG,
228,CH,Switzerland,,,03,Salt,Salt Mobile SA,
228,CH,Switzerland,,,06,SBB-CFF-FFS,SBB AG,
228,CH,Switzerland,,,07,IN&Phone,IN&Phone SA,
228,CH,Switzerland,,,08,Tele4u,TelCommunication Services AG,
228,CH,Switzerland,,,53,upc cablecom,UPC Cablecom GmbH,
228,CH,Switzerland,,,58,beeone,Beeone Communications SA,
417,SY,Syria,,,01,Syriatel,Syriatel Mobile Telecom,
466,TW,Taiwan,,,01,FarEasTone,Far EasTone Telecommunications Co Ltd,
466,TW,Taiwan,,,02,FarEasTone,Far EasTone Telecommunications Co Ltd,
466,TW,Taiwan,,,03,FarEasTone,Far EasTone Telecommunications Co Ltd,
466,TW,Taiwan,,,06,FarEasTone,Far EasTone Telecommunications Co Ltd,
466,TW,Taiwan,,,07,FarEasTone,Far EasTone Telecommunications Co Ltd,
466,TW,Taiwan,,,88,FarEasTone,Far EasTone Telecommunications Co Ltd,
466,TW,Taiwan,,,05,APTG,Asia Pacific Telecom,
466,TW,Taiwan,,,09,VMAX,Vmax Telecom,
466,TW,Taiwan,,,10,G1,Global Mobile Corp.,
466,TW,Taiwan,,,11,Chunghwa LDM,LDTA/Chunghwa Telecom,
466,TW,Taiwan,,,56,FITEL,First International Telecom,
466,TW,Taiwan,,,89,T Star,Taiwan Star Telecom,
466,TW,Taiwan,,,90,T Star,Taiwan Star Telecom,
466,TW,Taiwan,,,92,Chunghwa,Chunghwa Telecom,
466,TW,Taiwan,,,93,MobiTai,Mobitai Communications,
466,TW,Taiwan,,,97,Taiwan Mobile,Taiwan Mobile Co. Ltd,
466,TW,Taiwan,,,99,TransAsia,TransAsia Telecoms,
436,TJ,Tajikistan,,,01,Tcell,JV Somoncom,
436,TJ,Tajikistan,,,02,Tcell,Indigo Tajikistan,
436,TJ,Tajikistan,,,12,Tcell,Indigo,
436,TJ,Tajikistan,,,04,Babilon-M,Babilon-Mobile,
640,TZ,Tanzania,,,03,Zantel,Zanzibar Telecom Ltd,
640,TZ,Tanzania,,,06,Sasatel (Dovetel),Dovetel Limited,
640,TZ,Tanzania,,,07,TTCL Mobile,Tanzania Telecommunication Company LTD (TTCL),
640,TZ,Tanzania,,,09,Halotel,Viettel Tanzania Limited,
640,TZ,Tanzania,,,11,SmileCom,Smile Telecoms Holdings Ltd.,
640,TZ,Tanzania,,,13,Cootel,Wiafrica Tanzania Limited,
520,TH,Thailand,,,00,my by CAT,CAT Telecom,
520,TH,Thailand,,,01,AIS,Advanced Info Service,
520,TH,Thailand,,,03,AIS,Advanced Wireless Network Company Ltd.,
520,TH,Thailand,,,02,CAT CDMA,CAT Telecom,
520,TH,Thailand,,,04,TrueMove H,Real Future Company Ltd.,
520,TH,Thailand,,,05,dtac TriNet,DTAC Network Company Ltd.,
520,TH,Thailand,,,15,TOT 3G,TOT Public Company Limited,
520,TH,Thailand,,,18,dtac,Total Access Communications Public Company Ltd.,
520,TH,Thailand,,,20,ACeS,ACeS,
520,TH,Thailand,,,23,AIS GSM 1800,Digital Phone Company Ltd.,
520,TH,Thailand,,,25,WE PCT,True Corporation,
520,TH,Thailand,,,99,TrueMove,True Corporation,
615,TG,Togo,,,01,Togo Cell,Togo Telecom,
539,TO,Tonga,,,01,U-Call,Tonga Communications Corporation,
605,TN,Tunisia,,,02,Tunicell,Tunisie Telecom,
605,TN,Tunisia,,,03,OOREDOO TN,ooredoo Tunisiana,
286,TR,Turkey,,,01,Turkcell,Turkcell Iletisim Hizmetleri A.S.,
286,TR,Turkey,,,03,Türk Telekom,Türk Telekom,
286,TR,Turkey,,,04,Aycell,Aycell,
438,TM,Turkmenistan,,,02,TM-Cell,Altyn Asyr,
438,TM,Turkmenistan,,,03,AGTS CDMA,AŞTU,
553,TV,Tuvalu,,,01,TTC,Tuvalu Telecom,
641,UG,Uganda,,,11,Uganda Telecom,Uganda Telecom Ltd.,
641,UG,Uganda,,,44,K2,K2 Telecom Ltd,
641,UG,Uganda,,,66,i-Tel,i-Tel Ltd,
255,UA,Ukraine,,,03,Kyivstar,Kyivstar GSM JSC,
255,UA,Ukraine,,,04,IT,Intertelecom,
255,UA,Ukraine,,,05,Golden Telecom,Kyivstar GSM JSC,
255,UA,Ukraine,,,06,lifecell,Turkcell,
255,UA,Ukraine,,,07,3Mob,Ukrtelecom,
255,UA,Ukraine,,,21,PEOPLEnet,Telesystems of Ukraine,
255,UA,Ukraine,,,23,CDMA Ukraine,Intertelecom,
255,UA,Ukraine,,,25,NEWTONE,CST Invest,
424,AE,United Arab Emirates,,,03,du,Emirates Integrated Telecommunications Company,
234,GB,United Kingdom,,,02,O2 (UK),Telefónica Europe,
234,GB,United Kingdom,,,10,O2 (UK),Telefónica Europe,
234,GB,United Kingdom,,,11,O2 (UK),Telefónica Europe,
234,GB,United Kingdom,,,04,FMS Solutions Ltd,FMS Solutions Ltd,
234,GB,United Kingdom,,,12,Railtrack,Network Rail Infrastructure Ltd,
234,GB,United Kingdom,,,13,Railtrack,Network Rail Infrastructure Ltd,
234,GB,United Kingdom,,,14,Hay Systems Ltd,Hay Systems Ltd,
234,GB,United Kingdom,,,15,Vodafone UK,Vodafone,
234,GB,United Kingdom,,,16,Talk Talk,TalkTalk Communications Limited,
234,GB,United Kingdom,,,18,Cloud9,Cloud9,
234,GB,United Kingdom,,,19,Private Mobile Networks PMN,Teleware plc,
234,GB,United Kingdom,,,24,Greenfone,Stour Marine Limited,
234,GB,United Kingdom,,,29,aql,(aq) Limited,
234,GB,United Kingdom,,,30,T-Mobile UK,EE,
234,GB,United Kingdom,,,31,T-Mobile UK,EE,
234,GB,United Kingdom,,,32,T-Mobile UK,EE,
234,GB,United Kingdom,,,51,Relish,UK Broadband Limited,
235,GB,United Kingdom,,,03,Relish,UK Broadband Limited,
234,GB,United Kingdom,,,78,Airwave,Airwave Solutions Ltd,
310,US,United States of America,,,004,Verizon,Verizon Wireless,
310,US,United States of America,,,005,Verizon,Verizon Wireless,
310,US,United States of America,,,006,Verizon,Verizon Wireless,
310,US,United States of America,,,010,Verizon,Verizon Wireless,
310,US,United States of America,,,012,Verizon,Verizon Wireless,
310,US,United States of America,,,013,Verizon,Verizon Wireless,
310,US,United States of America,,,350,Verizon,Verizon Wireless,
311,US,United States of America,,,012,Verizon,Verizon Wireless,
311,US,United States of America,,,110,Verizon,Verizon Wireless,
311,US,United States of America,,,270,Verizon,Verizon Wireless,
311,US,United States of America,,,271,Verizon,Verizon Wireless,
311,US,United States of America,,,272,Verizon,Verizon Wireless,
311,US,United States of America,,,273,Verizon,Verizon Wireless,
311,US,United States of America,,,274,Verizon,Verizon Wireless,
311,US,United States of America,,,275,Verizon,Verizon Wireless,
311,US,United States of America,,,276,Verizon,Verizon Wireless,
311,US,United States of America,,,277,Verizon,Verizon Wireless,
311,US,United States of America,,,278,Verizon,Verizon Wireless,
311,US,United States of America,,,279,Verizon,Verizon Wireless,
311,US,United States of America,,,280,Verizon,Verizon Wireless,
311,US,United States of America,,,281,Verizon,Verizon Wireless,
311,US,United States of America,,,282,Verizon,Verizon Wireless,
311,US,United States of America,,,283,Verizon,Verizon Wireless,
311,US,United States of America,,,284,Verizon,Verizon Wireless,
311,US,United States of America,,,285,Verizon,Verizon Wireless,
311,US,United States of America,,,286,Verizon,Verizon Wireless,
311,US,United States of America,,,287,Verizon,Verizon Wireless,
311,US,United States of America,,,288,Verizon,Verizon Wireless,
311,US,United States of America,,,289,Verizon,Verizon Wireless,
311,US,United States of America,,,390,Verizon,Verizon Wireless,
311,US,United States of America,,,480,Verizon,Verizon Wireless,
311,US,United States of America,,,481,Verizon,Verizon Wireless,
311,US,United States of America,,,482,Verizon,Verizon Wireless,
311,US,United States of America,,,483,Verizon,Verizon Wireless,
311,US,United States of America,,,484,Verizon,Verizon Wireless,
311,US,United States of America,,,485,Verizon,Verizon Wireless,
311,US,United States of America,,,486,Verizon,Verizon Wireless,
311,US,United States of America,,,487,Verizon,Verizon Wireless,
311,US,United States of America,,,488,Verizon,Verizon Wireless,
311,US,United States of America,,,489,Verizon,Verizon Wireless,
311,US,United States of America,,,590,Verizon,Verizon Wireless,
312,US,United States of America,,,770,Verizon,Verizon Wireless,
310,US,United States of America,,,015,Southern LINC,Southern Communications,
312,US,United States of America,,,720,Southern LINC,Southern Communications Services,
316,US,United States of America,,,011,Southern LINC,Southern Communications Services,
310,US,United States of America,,,017,ProxTel,North Sight Communications Inc.,
310,US,United States of America,,,020,Union Wireless,Union Telephone Company,
310,US,United States of America,,,034,Airpeak,Airpeak,
310,US,United States of America,,,035,ETEX Wireless,ETEX Communications,
310,US,United States of America,,,040,MTA,Matanuska Telephone Association,
312,US,United States of America,,,340,MTA,Matanuska Telephone Association,
310,US,United States of America,,,050,GCI,Alaska Communications,
310,US,United States of America,,,190,GCI,Alaska Wireless Communications,
310,US,United States of America,,,430,GCI,GCI Communications Corp.,
310,US,United States of America,,,066,U.S. Cellular,U.S. Cellular,
310,US,United States of America,,,730,U.S. Cellular,U.S. Cellular,
311,US,United States of America,,,220,U.S. Cellular,U.S. Cellular,
311,US,United States of America,,,580,U.S. Cellular,U.S. Cellular,
310,US,United States of America,,,100,Plateau Wireless,New Mexico RSA 4 East LP,
310,US,United States of America,,,120,Sprint,Sprint Corporation,
310,US,United States of America,,,830,Sprint,Sprint Corporation,
311,US,United States of America,,,260,Sprint,Sprint Corporation,
311,US,United States of America,,,880,Sprint,Sprint Corporation,
311,US,United States of America,,,940,Sprint,Sprint Corporation,
312,US,United States of America,,,190,Sprint,Sprint Corporation,
312,US,United States of America,,,240,Sprint,Sprint Corporation,
312,US,United States of America,,,250,Sprint,Sprint Corporation,
312,US,United States of America,,,530,Sprint,Sprint Corporation,
310,US,United States of America,,,130,Carolina West Wireless,Carolina West Wireless,
312,US,United States of America,,,470,Carolina West Wireless,Carolina West Wireless,
310,US,United States of America,,,180,West Central,West Central Wireless,
310,US,United States of America,,,260,T-Mobile USA,T-Mobile USA,
310,US,United States of America,,,290,nep,NEP Cellcorp Inc.,
310,US,United States of America,,,300,Big Sky Mobile,iSmart Mobile,
310,US,United States of America,,,330,Alltel,Allied Wireless Communications Corporation (AWCC),
310,US,United States of America,,,500,Alltel,Public Service Cellular Inc.,
310,US,United States of America,,,340,Westlink Communications,High Plains Midwest LLC,
310,US,United States of America,,,360,Pioneer Cellular,Cellular Network Partnership,
311,US,United States of America,,,780,Pioneer Cellular,Cellular Network Partnership,
312,US,United States of America,,,270,Pioneer Cellular,Cellular Network Partnership,
312,US,United States of America,,,280,Pioneer Cellular,Cellular Network Partnership,
310,US,United States of America,,,390,Cellular One of East Texas,TX-11 Acquisition,
310,US,United States of America,,,420,Cincinnati Bell,Cincinnati Bell Wireless,
310,US,United States of America,,,450,Viaero,Viaero Wireless,
310,US,United States of America,,,740,Viaero,Viaero Wireless,
310,US,United States of America,,,460,NewCore,NewCore Wireless LLC,
311,US,United States of America,,,530,NewCore,NewCore Wireless LLC,
312,US,United States of America,,,260,NewCore,Central LTE Holdings,
310,US,United States of America,,,470,Shentel,Shenandoah Telecommunications Company,
310,US,United States of America,,,480,Instant Connect,Wave Runner LLC,
310,US,United States of America,,,520,TNS,Transaction Network Services,
310,US,United States of America,,,530,iWireless,Iowa Wireless Services LLC,
310,US,United States of America,,,770,iWireless,Iowa Wireless Services,
310,US,United States of America,,,540,Phoenix,Oklahoma Western Telephone Company,
310,US,United States of America,,,610,Epic PCS,Elkhart Telephone Co.,
310,US,United States of America,,,630,miSpot,Agri-Valley Communications,
310,US,United States of America,,,650,Jasper,Jasper Technologies,
310,US,United States of America,,,690,Limitless Mobile,Limitless Mobile,
310,US,United States of America,,,700,Bigfoot Cellular,Cross Valiant Cellular Partnership,
310,US,United States of America,,,710,ASTAC,Arctic Slope Telephone Association Cooperative,
312,US,United States of America,,,760,ASTAC,Arctic Slope Telephone Association Cooperative,
310,US,United States of America,,,750,Appalachian Wireless,East Kentucky Network,
312,US,United States of America,,,120,Appalachian Wireless,East Kentucky Network,
312,US,United States of America,,,130,Appalachian Wireless,East Kentucky Network,
312,US,United States of America,,,910,Appalachian Wireless,East Kentucky Network,
310,US,United States of America,,,780,Dispatch Direct,D. D. Inc.,
310,US,United States of America,,,790,BLAZE,PinPoint Communications Inc.,
311,US,United States of America,,,290,BLAZE,PinPoint Communications Inc.,
310,US,United States of America,,,840,telna Mobile,Telecom North America Mobile,
312,US,United States of America,,,300,telna Mobile,Telecom North America Mobile,
310,US,United States of America,,,850,Aeris,Aeris Communications,
310,US,United States of America,,,860,Five Star Wireless,TX RSA 15B2,
310,US,United States of America,,,870,PACE,Kaplan Telephone Company,
310,US,United States of America,,,880,DTC Wireless,Advantage Cellular Systems,
310,US,United States of America,,,900,Mid-Rivers Wireless,Cable & Communications Corporation,
312,US,United States of America,,,400,Mid-Rivers Wireless,Mid-Rivers Telephone Cooperative,
310,US,United States of America,,,960,STRATA,UBET Wireless,
311,US,United States of America,,,860,STRATA,Uintah Basin Electronic Telecommunications,
312,US,United States of America,,,290,STRATA,Uintah Basin Electronic Telecommunications,
310,US,United States of America,,,980,Peoples Telephone,Texas RSA 7B3,
310,US,United States of America,,,990,Evolve Broadband,Worldcall Interconnect Inc.,
311,US,United States of America,,,000,West Central Wireless,Mid-Tex Cellular Ltd.,
311,US,United States of America,,,010,Chariton Valley,Chariton Valley Communications,
311,US,United States of America,,,020,Chariton Valley,Missouri RSA 5 Partnership,
311,US,United States of America,,,920,Chariton Valley,Missouri RSA 5 Partnership,
312,US,United States of America,,,010,Chariton Valley,Chariton Valley Communication Corporation,
312,US,United States of America,,,220,Chariton Valley,Chariton Valley Communication Corporation,
311,US,United States of America,,,030,Indigo Wireless,Americell PA 3 Partnership,
311,US,United States of America,,,040,Choice Wireless,Commnet Wireless,
311,US,United States of America,,,320,Choice Wireless,Commnet Wireless,
311,US,United States of America,,,550,Choice Wireless,Commnet Midwest LLC,
312,US,United States of America,,,370,Choice Wireless,Commnet Wireless,
311,US,United States of America,,,080,Pine Cellular,Pine Telephone Company,
311,US,United States of America,,,140,Sprocket Wireless,Cross Telephone / MBO Wireless,
312,US,United States of America,,,030,Sprocket Wireless,Cross Telephone / MBO Wireless,
313,US,United States of America,,,010,Sprocket Wireless,Cross Telephone / MBO Wireless,
311,US,United States of America,,,230,C Spire Wireless,Cellular South Inc.,
311,US,United States of America,,,630,C Spire Wireless,Cellular South Inc.,
311,US,United States of America,,,310,NMobile,Leaco Rural Telephone Company Inc.,
311,US,United States of America,,,330,Bug Tussel Wireless,Bug Tussel Wireless LLC,
311,US,United States of America,,,350,Nemont,Sagebrush Cellular,
312,US,United States of America,,,330,Nemont,Nemont Communications,
312,US,United States of America,,,480,Nemont,Sagebrush Cellular,
312,US,United States of America,,,600,Nemont,Sagebrush Cellular,
312,US,United States of America,,,640,Nemont,Sagebrush Cellular,
311,US,United States of America,,,370,GCI Wireless,General Communication Inc.,
311,US,United States of America,,,410,Chat Mobility,Iowa RSA No. 2 LP,
311,US,United States of America,,,430,Chat Mobility,RSA 1 LP,
312,US,United States of America,,,160,Chat Mobility,RSA1 Limited Partnership,
312,US,United States of America,,,170,Chat Mobility,Iowa RSA No. 2 LP,
311,US,United States of America,,,420,NorthwestCell,Northwest Missouri Cellular LP,
312,US,United States of America,,,150,NorthwestCell,Northwest Missouri Cellular LP,
311,US,United States of America,,,450,PTCI,Panhandle Telecommunication Systems Inc.,
311,US,United States of America,,,470,Innovative Wireless,Vitelcom Cellular Inc.,
311,US,United States of America,,,490,Sprint Corporation,Sprint,
311,US,United States of America,,,560,OTZ Cellular,OTZ Communications,
311,US,United States of America,,,570,BendBroadband,Bend Cable Communications LLC,
311,US,United States of America,,,600,Cox Wireless,Cox TMI Wireless LLC,
311,US,United States of America,,,610,SRT Communications,North Dakota Network Co.,
312,US,United States of America,,,230,SRT Communications,North Dakota Network Co.,
311,US,United States of America,,,640,Rock Wireless,Standing Rock Telecommunications,
311,US,United States of America,,,650,United Wireless,United Wireless,
311,US,United States of America,,,660,metroPCS,MetroPCS Wireless Inc.,
311,US,United States of America,,,670,Pine Belt Wireless,Pine Belt Cellular Inc.,
311,US,United States of America,,,750,ClearTalk,Flat Wireless LLC,
312,US,United States of America,,,860,ClearTalk,Flat Wireless,
312,US,United States of America,,,900,ClearTalk,Flat West Wireless,
311,US,United States of America,,,870,Boost Mobile,Sprint Corporation,
311,US,United States of America,,,910,MobileNation,SI Wireless LLC,
311,US,United States of America,,,950,ETC,Enhanced Telecommmunications Corp.,
311,US,United States of America,,,970,Big River Broadband,Big River Broadband,
312,US,United States of America,,,080,SyncSouth,South Georgia Regional Information Technology Authority,
312,US,United States of America,,,140,Revol Wireless,Cleveland Unlimited,
312,US,United States of America,,,390,FTC Wireless,FTC Communications LLC,
312,US,United States of America,,,570,Blue Wireless,Buffalo-Lake Erie Wireless Systems Co.,
312,US,United States of America,,,590,NMU,Northern Michigan University,
312,US,United States of America,,,610,nTelos,nTelos Licenses,
312,US,United States of America,,,660,nTelos,nTelos Wireless,
312,US,United States of America,,,740,Locus Telecommunications,KDDI America,
312,US,United States of America,,,810,BBCP,Bristol Bay Telephone Cooperative,
312,US,United States of America,,,990,Premier Broadband,Premier Holdings LLC,
313,US,United States of America,,,020,CTC Wireless,Cambridge Telephone Company Inc.,
313,US,United States of America,,,030,Snake River PCS,Eagle Telephone System Inc.,
313,US,United States of America,,,040,NNTC Wireless,Nucla-Naturita Telephone Company,
313,US,United States of America,,,050,Breakaway Wireless,Manti Tele Communications Company,
313,US,United States of America,,,100,FirstNet,700 MHz Public Safety Broadband,
748,UY,Uruguay,,,00,Antel,Administración Nacional de Telecomunicaciones,
748,UY,Uruguay,,,01,Antel,Administración Nacional de Telecomunicaciones,
748,UY,Uruguay,,,03,Antel,Administración Nacional de Telecomunicaciones,
434,UZ,Uzbekistan,,,03,UzMobile,Uzbektelekom,
434,UZ,Uzbekistan,,,08,UzMobile,Uzbektelekom,
434,UZ,Uzbekistan,,,05,Ucell,Coscom,
434,UZ,Uzbekistan,,,06,Perfectum Mobile,RUBICON WIRELESS COMMUNICATION,
434,UZ,Uzbekistan,,,07,UMS,Universal Mobile Systems,
541,VU,Vanuatu,,,00,AIL,ACeS International (AIL),
541,VU,Vanuatu,,,01,SMILE,Telecom Vanuatu Ltd,
541,VU,Vanuatu,,,07,WanTok,WanTok Vanuatu Ltd,
734,VE,Venezuela,,,01,Digitel,Corporacion Digitel C.A.,
734,VE,Venezuela,,,02,Digitel GSM,Corporacion Digitel C.A.,
734,VE,Venezuela,,,03,DirecTV,Galaxy Entertainment de Venezuela C.A.,
734,VE,Venezuela,,,06,Movilnet,Telecomunicaciones Movilnet,
452,VN,Vietnam,,,01,MobiFone,Vietnam Mobile Telecom Services Company,
452,VN,Vietnam,,,02,Vinaphone,Vietnam Telecom Services Company,
452,VN,Vietnam,,,03,S-Fone,S-Telecom,
452,VN,Vietnam,,,04,Viettel Mobile,Viettel Telecom,
452,VN,Vietnam,,,05,Vietnamobile,Hanoi Telecom,
452,VN,Vietnam,,,06,EVNTelecom,EVN Telecom,
452,VN,Vietnam,,,08,EVNTelecom,EVN Telecom,
452,VN,Vietnam,,,07,Gmobile,GTEL Mobile JSC,
421,YE,Yemen,,,01,SabaFon,NULL,
421,YE,Yemen,,,03,Yemen Mobile,Yemen Mobile,
421,YE,Yemen,,,04,HiTS-UNITEL,Y,
645,ZM,Zambia,,,03,ZAMTEL,Zambia Telecommunications Company Ltd,
648,ZW,Zimbabwe,,,01,Net*One,Net*One Cellular (Pvt) Ltd,
648,ZW,Zimbabwe,,,03,Telecel,Telecel Zimbabwe (PVT) Ltd,
648,ZW,Zimbabwe,,,04,Econet,Econet Wireless,